01-02-13,1498.109985,1514.410034,1498.109985,1513.170044,1.005270584
04-02-13,1513.170044,1513.170044,1495.02002,1495.709961,-1.153874482
05-02-13,1495.709961,1514.959961,1495.709961,1511.290039,1.041651016
06-02-13,1511.290039,1512.530029,1504.709961,1512.119995,0.054917056
07-02-13,1512.119995,1512.900024,1498.48999,1509.390015,-0.180539905
08-02-13,1509.390015,1518.310059,1509.390015,1517.930054,0.565794057
11-02-13,1517.930054,1518.310059,1513.609985,1517.01001,-0.060611752
12-02-13,1517.01001,1522.290039,1515.609985,1519.430054,0.159527227
13-02-13,1519.430054,1524.689941,1515.930054,1520.329956,0.059226287
14-02-13,1520.329956,1523.140015,1514.02002,1521.380005,0.069067178
15-02-13,1521.380005,1524.23999,1514.140015,1519.790039,-0.104508144
19-02-13,1519.790039,1530.939941,1519.790039,1530.939941,0.733647525
20-02-13,1530.939941,1530.939941,1511.410034,1511.949951,-1.240413781
21-02-13,1511.949951,1511.949951,1497.290039,1502.420044,-0.630305718
22-02-13,1502.420044,1515.640015,1502.420044,1515.599976,0.877246816
25-02-13,1515.599976,1525.839966,1487.849976,1487.849976,-1.830958065
26-02-13,1487.849976,1498.98999,1485.01001,1496.939941,0.610946342
27-02-13,1496.939941,1520.079956,1494.880005,1515.98999,1.27259942
28-02-13,1515.98999,1525.339966,1514.459961,1514.680054,-0.086407958
01-03-13,1514.680054,1519.98999,1501.47998,1518.199951,0.232385512
04-03-13,1518.199951,1525.27002,1512.290039,1525.199951,0.461072337
05-03-13,1525.199951,1543.469971,1525.199951,1539.790039,0.956601657
06-03-13,1539.790039,1545.25,1538.109985,1541.459961,0.10845128
07-03-13,1541.459961,1545.780029,1541.459961,1544.26001,0.181649155
08-03-13,1544.26001,1552.47998,1542.939941,1551.180054,0.448113916
11-03-13,1551.150024,1556.27002,1547.359985,1556.219971,0.326850848
12-03-13,1556.219971,1556.77002,1548.23999,1552.47998,-0.240325344
13-03-13,1552.47998,1556.390015,1548.25,1554.52002,0.131405237
14-03-13,1554.52002,1563.319946,1554.52002,1563.22998,0.560298992
15-03-13,1563.209961,1563.619995,1555.73999,1560.699951,-0.160567682
18-03-13,1560.699951,1560.699951,1545.130005,1552.099976,-0.551033208
19-03-13,1552.099976,1557.25,1538.569946,1548.339966,-0.24225308
20-03-13,1548.339966,1561.560059,1548.339966,1558.709961,0.66974923
21-03-13,1558.709961,1558.709961,1543.550049,1545.800049,-0.828243376
22-03-13,1545.900024,1557.73999,1545.900024,1556.890015,0.710912144
25-03-13,1556.890015,1564.910034,1546.219971,1551.689941,-0.334003941
26-03-13,1551.689941,1563.949951,1551.689941,1563.77002,0.778511137
27-03-13,1563.75,1564.069946,1551.900024,1562.849976,-0.057555492
28-03-13,1562.859985,1570.280029,1561.079956,1569.189941,0.40502387
01-04-13,1569.180054,1570.569946,1558.469971,1562.170044,-0.446730761
02-04-13,1562.170044,1573.660034,1562.170044,1570.25,0.517226408
03-04-13,1570.25,1571.469971,1549.800049,1553.689941,-1.054612896
04-04-13,1553.689941,1562.599976,1552.52002,1559.97998,0.40484519
05-04-13,1559.97998,1559.97998,1539.5,1553.280029,-0.42948955
08-04-13,1553.26001,1563.069946,1548.630005,1563.069946,0.631570757
09-04-13,1563.109985,1573.890015,1560.920044,1568.609985,0.351862636
10-04-13,1568.609985,1589.069946,1568.609985,1587.72998,1.218913253
11-04-13,1587.72998,1597.349976,1586.170044,1593.369995,0.355225074
12-04-13,1593.300049,1593.300049,1579.969971,1588.849976,-0.279299119
15-04-13,1588.839966,1588.839966,1552.280029,1552.359985,-2.296013556
16-04-13,1552.359985,1575.349976,1552.359985,1574.569946,1.430722333
17-04-13,1574.569946,1574.569946,1543.689941,1552.01001,-1.432768106
18-04-13,1552.030029,1554.380005,1536.030029,1541.609985,-0.671381597
19-04-13,1541.609985,1555.890015,1539.400024,1555.25,0.88479026
22-04-13,1555.25,1565.550049,1548.189941,1562.5,0.466162996
23-04-13,1562.5,1579.579956,1562.5,1578.780029,1.041921856
24-04-13,1578.780029,1583,1575.800049,1578.790039,0.000634034
25-04-13,1578.930054,1592.640015,1578.930054,1585.160034,0.394569727
26-04-13,1585.160034,1585.780029,1577.560059,1582.23999,-0.184211306
29-04-13,1582.339966,1596.650024,1582.339966,1593.609985,0.712237524
30-04-13,1593.579956,1597.569946,1586.5,1597.569946,0.250379028
01-05-13,1597.550049,1597.550049,1581.280029,1582.699951,-0.929554477
02-05-13,1582.77002,1598.599976,1582.77002,1597.589966,0.936329714
03-05-13,1597.599976,1618.459961,1597.599976,1614.420044,1.052833516
06-05-13,1614.400024,1619.77002,1614.209961,1617.5,0.192020314
07-05-13,1617.550049,1626.030029,1616.640015,1625.959961,0.519916648
08-05-13,1625.949951,1632.780029,1622.699951,1632.689941,0.414526289
09-05-13,1632.689941,1635.01001,1623.089966,1626.670044,-0.368710363
10-05-13,1626.689941,1633.699951,1623.709961,1633.699951,0.430937072
13-05-13,1632.099976,1636,1626.73999,1633.77002,0.102324859
14-05-13,1633.75,1651.099976,1633.75,1650.339966,1.01545316
15-05-13,1649.130005,1661.48999,1646.680054,1658.780029,0.585158476
16-05-13,1658.069946,1660.51001,1648.599976,1650.469971,-0.45836275
17-05-13,1652.449951,1667.469971,1652.449951,1667.469971,0.90895461
20-05-13,1665.709961,1672.839966,1663.52002,1666.290039,0.03482467
21-05-13,1666.199951,1674.930054,1662.670044,1669.160034,0.177654729
22-05-13,1669.390015,1687.180054,1648.859985,1655.349976,-0.841028093
23-05-13,1651.619995,1655.5,1635.530029,1650.51001,-0.067205834
24-05-13,1646.670044,1649.780029,1636.880005,1649.599976,0.177930728
28-05-13,1652.630005,1674.209961,1652.630005,1660.060059,0.449589683
29-05-13,1656.569946,1656.569946,1640.050049,1648.359985,-0.495600021
30-05-13,1649.140015,1661.910034,1648.609985,1654.410034,0.319561647
31-05-13,1652.130005,1658.98999,1630.73999,1630.73999,-1.29469321
03-06-13,1631.709961,1640.420044,1622.719971,1640.420044,0.533800933
04-06-13,1640.72998,1646.530029,1623.619995,1631.380005,-0.569866774
05-06-13,1629.050049,1629.310059,1607.089966,1608.900024,-1.236918719
06-06-13,1609.290039,1622.560059,1598.22998,1622.560059,0.824588463
07-06-13,1625.27002,1644.400024,1625.27002,1643.380005,1.114275461
10-06-13,1644.670044,1648.689941,1639.26001,1642.810059,-0.113091681
11-06-13,1638.640015,1640.130005,1622.920044,1626.130005,-0.763438576
12-06-13,1629.939941,1637.709961,1610.920044,1612.52002,-1.068746189
13-06-13,1612.150024,1639.25,1608.069946,1636.359985,1.501718862
14-06-13,1635.52002,1640.800049,1623.959961,1626.72998,-0.537446188
17-06-13,1630.640015,1646.5,1630.339966,1639.040039,0.515136629
18-06-13,1639.77002,1654.189941,1639.77002,1651.810059,0.734251685
19-06-13,1651.829956,1652.449951,1628.910034,1628.930054,-1.386335314
20-06-13,1624.619995,1624.619995,1584.319946,1588.189941,-2.242373854
21-06-13,1588.619995,1599.189941,1577.699951,1592.430054,0.239834511
24-06-13,1588.77002,1588.77002,1560.329956,1573.089966,-0.98693038
25-06-13,1577.52002,1593.790039,1577.089966,1588.030029,0.666236172
26-06-13,1592.27002,1606.829956,1592.27002,1603.26001,0.690208938
27-06-13,1606.439941,1620.069946,1606.439941,1613.199951,0.420806893
28-06-13,1611.119995,1615.939941,1601.060059,1606.280029,-0.300410026
01-07-13,1609.780029,1626.609985,1609.780029,1614.959961,0.321778871
02-07-13,1614.290039,1624.26001,1606.77002,1614.079956,-0.013013956
03-07-13,1611.47998,1618.969971,1604.569946,1615.410034,0.243878549
05-07-13,1618.650024,1632.069946,1614.709961,1631.890015,0.81796502
08-07-13,1634.199951,1644.680054,1634.199951,1640.459961,0.383062672
09-07-13,1642.890015,1654.180054,1642.890015,1652.319946,0.573984315
10-07-13,1651.560059,1657.920044,1647.660034,1652.619995,0.064177866
11-07-13,1657.410034,1676.630005,1657.410034,1675.02002,1.062500265
12-07-13,1675.26001,1680.189941,1672.329956,1680.189941,0.294278558
15-07-13,1679.589966,1684.51001,1677.890015,1682.5,0.173258596
16-07-13,1682.699951,1683.72998,1671.839966,1676.26001,-0.382714755
17-07-13,1677.910034,1684.75,1677.910034,1680.910034,0.178793853
18-07-13,1681.050049,1693.119995,1681.050049,1689.369995,0.494925538
19-07-13,1686.150024,1692.089966,1684.079956,1692.089966,0.352278381
22-07-13,1694.410034,1697.609985,1690.670044,1695.530029,0.066099408
23-07-13,1696.630005,1698.780029,1691.130005,1692.390015,-0.249906579
24-07-13,1696.060059,1698.380005,1682.569946,1685.939941,-0.596683941
25-07-13,1685.209961,1690.939941,1680.069946,1690.25,0.29907484
26-07-13,1687.310059,1691.849976,1676.030029,1691.650024,0.257212062
29-07-13,1690.319946,1690.920044,1681.859985,1685.329956,-0.295209792
30-07-13,1687.920044,1693.189941,1682.420044,1685.959961,-0.116124162
31-07-13,1687.76001,1698.430054,1684.939941,1685.72998,-0.120279541
01-08-13,1689.420044,1707.849976,1689.420044,1706.869995,1.032895937
02-08-13,1706.099976,1709.670044,1700.680054,1709.670044,0.209253153
05-08-13,1708.01001,1709.23999,1703.550049,1707.140015,-0.050936177
06-08-13,1705.790039,1705.790039,1693.290039,1697.369995,-0.493615498
07-08-13,1695.300049,1695.300049,1684.910034,1690.910034,-0.258952095
08-08-13,1693.349976,1700.180054,1688.380005,1697.47998,0.243895477
09-08-13,1696.099976,1699.420044,1686.02002,1691.420044,-0.275923122
12-08-13,1688.369995,1691.48999,1683.349976,1689.469971,0.065150175
13-08-13,1690.650024,1696.810059,1682.619995,1694.160034,0.207613045
14-08-13,1693.880005,1695.52002,1684.829956,1685.390015,-0.501215551
15-08-13,1679.609985,1679.609985,1658.589966,1661.319946,-1.088945598
16-08-13,1661.219971,1663.599976,1652.609985,1655.829956,-0.324461245
19-08-13,1655.25,1659.180054,1645.839966,1646.060059,-0.555199577
20-08-13,1646.810059,1658.920044,1646.079956,1652.349976,0.336402912
21-08-13,1650.660034,1656.98999,1639.430054,1642.800049,-0.476172249
22-08-13,1645.030029,1659.550049,1645.030029,1656.959961,0.725210591
23-08-13,1659.920044,1664.849976,1654.810059,1663.5,0.215670388
26-08-13,1664.290039,1669.51001,1656.02002,1656.780029,-0.451244063
27-08-13,1652.540039,1652.540039,1629.050049,1630.47998,-1.334918276
28-08-13,1630.25,1641.180054,1627.469971,1634.959961,0.288910351
29-08-13,1633.5,1646.410034,1630.880005,1638.170044,0.285891889
30-08-13,1638.890015,1640.079956,1628.050049,1632.969971,-0.361222776
03-09-13,1635.949951,1651.349976,1633.410034,1639.77002,0.233507694
04-09-13,1640.719971,1655.719971,1637.410034,1653.079956,0.753326906
05-09-13,1653.280029,1659.170044,1653.069946,1655.079956,0.108870062
06-09-13,1657.439941,1664.829956,1640.619995,1655.170044,-0.136951991
09-09-13,1656.849976,1672.400024,1656.849976,1671.709961,0.896881746
10-09-13,1675.109985,1684.089966,1675.109985,1683.98999,0.530114743
11-09-13,1681.040039,1689.130005,1678.699951,1689.130005,0.481247669
12-09-13,1689.209961,1689.969971,1681.959961,1683.420044,-0.342758872
13-09-13,1685.040039,1688.72998,1682.219971,1687.98999,0.175067116
16-09-13,1691.699951,1704.949951,1691.699951,1697.599976,0.348763089
17-09-13,1697.72998,1705.52002,1697.72998,1704.76001,0.414084105
18-09-13,1705.73999,1729.439941,1700.349976,1725.52002,1.159615775
19-09-13,1727.339966,1729.859985,1720.199951,1722.339966,-0.289462416
20-09-13,1722.439941,1725.22998,1708.890015,1709.910034,-0.727451025
23-09-13,1711.439941,1711.439941,1697.099976,1701.839966,-0.560929704
24-09-13,1702.599976,1707.630005,1694.900024,1697.420044,-0.304236584
25-09-13,1698.02002,1701.709961,1691.880005,1692.77002,-0.309183634
26-09-13,1694.050049,1703.849976,1693.109985,1698.670044,0.27271892
27-09-13,1695.52002,1695.52002,1687.109985,1691.75,-0.222351842
30-09-13,1687.26001,1687.26001,1674.98999,1681.550049,-0.338416188
01-10-13,1682.410034,1696.550049,1682.069946,1695,0.748329227
02-10-13,1691.900024,1693.869995,1680.339966,1693.869995,0.116435426
03-10-13,1692.349976,1692.349976,1670.359985,1678.660034,-0.808930906
04-10-13,1678.790039,1691.939941,1677.329956,1690.5,0.697523855
07-10-13,1687.150024,1687.150024,1674.699951,1676.119995,-0.653766935
08-10-13,1676.219971,1676.790039,1655.030029,1655.449951,-1.239098708
09-10-13,1656.98999,1662.469971,1646.469971,1656.400024,-0.035604681
10-10-13,1660.880005,1692.560059,1660.880005,1692.560059,1.907425817
11-10-13,1691.089966,1703.439941,1688.52002,1703.199951,0.716105307
14-10-13,1699.859985,1711.030029,1692.130005,1710.140015,0.604757456
15-10-13,1709.170044,1711.569946,1695.930054,1698.060059,-0.650022216
16-10-13,1700.48999,1721.76001,1700.48999,1721.540039,1.237881383
17-10-13,1720.170044,1733.449951,1714.119995,1733.150024,0.754575401
18-10-13,1736.719971,1745.310059,1735.73999,1744.5,0.447972565
21-10-13,1745.199951,1747.790039,1740.670044,1744.660034,-0.030937257
22-10-13,1746.47998,1759.329956,1746.47998,1754.670044,0.468946916
23-10-13,1752.27002,1752.27002,1740.5,1746.380005,-0.336136265
24-10-13,1747.47998,1753.939941,1745.5,1752.069946,0.262662008
25-10-13,1756.01001,1759.819946,1752.449951,1759.77002,0.214122356
28-10-13,1759.420044,1764.98999,1757.670044,1762.109985,0.152887937
29-10-13,1762.930054,1772.089966,1762.930054,1771.949951,0.511642364
30-10-13,1772.27002,1775.219971,1757.23999,1763.310059,-0.505564101
31-10-13,1763.23999,1768.530029,1755.719971,1756.540039,-0.379979528
01-11-13,1758.699951,1765.670044,1752.699951,1761.640015,0.167172575
04-11-13,1763.400024,1768.780029,1761.560059,1767.930054,0.256891796
05-11-13,1765.670044,1767.030029,1755.76001,1762.969971,-0.152920587
06-11-13,1765,1773.73999,1764.400024,1770.48999,0.311047592
07-11-13,1770.73999,1774.540039,1746.199951,1747.150024,-1.332209479
08-11-13,1748.369995,1770.780029,1747.630005,1770.609985,1.272041391
11-11-13,1769.959961,1773.439941,1767.849976,1771.890015,0.109045066
12-11-13,1769.51001,1771.780029,1762.290039,1767.689941,-0.102857231
13-11-13,1764.369995,1782,1760.640015,1782,0.999223805
14-11-13,1782.75,1791.530029,1780.219971,1790.619995,0.441452531
15-11-13,1790.660034,1798.219971,1790.660034,1798.180054,0.419957996
18-11-13,1798.819946,1802.329956,1788,1791.530029,-0.405261072
19-11-13,1790.790039,1795.51001,1784.719971,1787.869995,-0.163058982
20-11-13,1789.589966,1795.72998,1777.22998,1781.369995,-0.459321473
21-11-13,1783.52002,1797.160034,1783.52002,1795.849976,0.691327031
22-11-13,1797.209961,1804.839966,1794.699951,1804.76001,0.420098328
25-11-13,1806.329956,1808.099976,1800.579956,1802.47998,-0.213138025
26-11-13,1802.869995,1808.420044,1800.77002,1802.75,-0.006655777
27-11-13,1803.47998,1808.27002,1802.77002,1807.22998,0.207931335
29-11-13,1808.689941,1813.550049,1803.97998,1805.810059,-0.159224748
02-12-13,1806.550049,1810.02002,1798.599976,1800.900024,-0.312752199
03-12-13,1800.099976,1800.099976,1787.849976,1795.150024,-0.27498206
04-12-13,1793.150024,1799.800049,1779.089966,1792.810059,-0.018959094
05-12-13,1792.819946,1792.819946,1783.380005,1785.030029,-0.434506377
06-12-13,1788.359985,1806.040039,1788.359985,1805.089966,0.935492918
09-12-13,1806.209961,1811.52002,1806.209961,1808.369995,0.119589308
10-12-13,1807.599976,1808.52002,1801.75,1802.619995,-0.275502383
11-12-13,1802.76001,1802.969971,1780.089966,1782.219971,-1.139366243
12-12-13,1781.709961,1782.98999,1772.280029,1775.5,-0.348539388
13-12-13,1777.97998,1780.920044,1772.449951,1775.319946,-0.149609896
16-12-13,1777.47998,1792.219971,1777.47998,1786.540039,0.509713702
17-12-13,1786.469971,1786.77002,1777.050049,1781,-0.306188802
18-12-13,1781.459961,1811.079956,1767.98999,1810.650024,1.638547239
19-12-13,1809,1810.880005,1801.349976,1809.599976,0.033166169
20-12-13,1810.390015,1823.75,1810.25,1818.319946,0.43802335
23-12-13,1822.920044,1829.75,1822.920044,1827.98999,0.278122237
24-12-13,1828.02002,1833.319946,1828.02002,1833.319946,0.289927131
26-12-13,1834.959961,1842.839966,1834.959961,1842.02002,0.384752755
27-12-13,1842.969971,1844.890015,1839.810059,1841.400024,-0.085185707
30-12-13,1841.469971,1842.469971,1838.77002,1841.069946,-0.021723135
31-12-13,1842.609985,1849.439941,1842.410034,1848.359985,0.312057356
02-01-14,1845.859985,1845.859985,1827.73999,1831.97998,-0.751953296
03-01-14,1833.209961,1838.23999,1829.130005,1831.369995,-0.100368536
06-01-14,1832.310059,1837.160034,1823.72998,1826.77002,-0.302352704
07-01-14,1828.709961,1840.099976,1828.709961,1837.880005,0.501448792
08-01-14,1837.900024,1840.02002,1831.400024,1837.48999,-0.022309919
09-01-14,1839,1843.22998,1830.380005,1838.130005,-0.047308048
10-01-14,1840.060059,1843.150024,1832.430054,1842.369995,0.125535902
13-01-14,1841.26001,1843.449951,1815.52002,1819.199951,-1.198095808
14-01-14,1821.359985,1839.26001,1821.359985,1838.880005,0.961919672
15-01-14,1840.52002,1850.839966,1840.52002,1848.380005,0.427052404
16-01-14,1847.98999,1847.98999,1840.300049,1845.890015,-0.113635626
17-01-14,1844.22998,1846.040039,1835.22998,1838.699951,-0.299855715
21-01-14,1841.050049,1849.310059,1832.380005,1843.800049,0.149371279
22-01-14,1844.709961,1846.869995,1840.880005,1844.859985,0.008132661
23-01-14,1842.290039,1842.290039,1820.060059,1828.459961,-0.750700362
24-01-14,1826.959961,1826.959961,1790.290039,1790.290039,-2.007155208
27-01-14,1791.030029,1795.97998,1772.880005,1781.560059,-0.528744345
28-01-14,1783,1793.869995,1779.48999,1792.5,0.532809871
29-01-14,1790.150024,1790.150024,1770.449951,1774.199951,-0.890990855
30-01-14,1777.170044,1798.77002,1777.170044,1794.189941,0.957696595
31-01-14,1790.880005,1793.880005,1772.26001,1782.589966,-0.462903097
03-02-14,1782.680054,1784.829956,1739.660034,1741.890015,-2.288130105
04-02-14,1743.819946,1758.72998,1743.819946,1755.199951,0.652590597
05-02-14,1753.380005,1755.790039,1737.920044,1751.640015,-0.099236332
06-02-14,1752.98999,1774.060059,1752.98999,1773.430054,1.16601145
07-02-14,1776.01001,1798.030029,1776.01001,1797.02002,1.182989391
10-02-14,1796.199951,1799.939941,1791.829956,1799.839966,0.20265088
11-02-14,1800.449951,1823.540039,1800.410034,1819.75,1.071956984
12-02-14,1820.119995,1826.550049,1815.969971,1819.26001,-0.047248808
13-02-14,1814.819946,1830.25,1809.219971,1829.829956,0.827079845
14-02-14,1828.459961,1841.650024,1825.589966,1838.630005,0.556208187
18-02-14,1839.030029,1842.869995,1835.01001,1840.76001,0.094070296
19-02-14,1838.900024,1847.5,1826.98999,1828.75,-0.551961709
20-02-14,1829.23999,1842.790039,1824.579956,1839.780029,0.576197714
21-02-14,1841.069946,1846.130005,1835.599976,1836.25,-0.261801351
24-02-14,1836.780029,1858.709961,1836.780029,1847.609985,0.589616385
25-02-14,1847.660034,1852.910034,1840.189941,1845.119995,-0.137473288
26-02-14,1845.790039,1852.650024,1840.660034,1845.160034,-0.034131997
27-02-14,1844.900024,1854.530029,1841.130005,1854.290039,0.508971482
28-02-14,1855.119995,1867.920044,1847.670044,1859.449951,0.23340571
03-03-14,1857.680054,1857.680054,1834.439941,1845.72998,-0.643279448
04-03-14,1849.22998,1876.22998,1849.22998,1873.910034,1.334612475
05-03-14,1874.050049,1876.530029,1871.109985,1873.810059,-0.012805955
06-03-14,1874.180054,1881.939941,1874.180054,1877.030029,0.152065165
07-03-14,1878.52002,1883.569946,1870.560059,1878.040039,-0.025551019
10-03-14,1877.859985,1877.869995,1867.040039,1877.170044,-0.036740812
11-03-14,1878.26001,1882.349976,1863.880005,1867.630005,-0.565949599
12-03-14,1866.150024,1868.380005,1854.380005,1868.199951,0.109847921
13-03-14,1869.060059,1874.400024,1841.859985,1846.339966,-1.215589242
14-03-14,1845.069946,1852.439941,1839.569946,1841.130005,-0.213538842
17-03-14,1842.810059,1862.300049,1842.810059,1858.829956,0.869318947
18-03-14,1858.920044,1873.76001,1858.920044,1872.25,0.717080654
19-03-14,1872.25,1874.140015,1850.349976,1860.77002,-0.613164909
20-03-14,1860.089966,1873.48999,1854.630005,1872.01001,0.640831584
21-03-14,1874.530029,1883.969971,1863.459961,1866.52002,-0.427307585
24-03-14,1867.670044,1873.339966,1849.689941,1857.439941,-0.547746805
25-03-14,1859.47998,1871.869995,1855.959961,1865.619995,0.330200651
26-03-14,1867.089966,1875.920044,1852.560059,1852.560059,-0.778211402
27-03-14,1852.109985,1855.550049,1842.109985,1849.040039,-0.165753979
28-03-14,1850.069946,1866.630005,1850.069946,1857.619995,0.408095327
31-03-14,1859.160034,1875.180054,1859.160034,1872.339966,0.708918638
01-04-14,1873.959961,1885.839966,1873.959961,1885.52002,0.616878655
02-04-14,1886.609985,1893.170044,1883.790039,1890.900024,0.227394058
03-04-14,1891.430054,1893.800049,1882.650024,1888.77002,-0.140636128
04-04-14,1890.25,1897.280029,1863.26001,1865.089966,-1.331042666
07-04-14,1863.920044,1864.040039,1841.47998,1845.040039,-1.012919254
08-04-14,1845.47998,1854.949951,1837.48999,1851.959961,0.351127136
09-04-14,1852.640015,1872.430054,1852.380005,1872.180054,1.054713212
10-04-14,1872.280029,1872.530029,1830.869995,1833.079956,-2.0937078
11-04-14,1830.650024,1835.069946,1814.359985,1815.689941,-0.817200601
14-04-14,1818.180054,1834.189941,1815.800049,1830.609985,0.683646868
15-04-14,1831.449951,1844.02002,1816.290039,1842.97998,0.629557417
16-04-14,1846.01001,1862.310059,1846.01001,1862.310059,0.882988116
17-04-14,1861.72998,1869.630005,1856.719971,1864.849976,0.167585849
21-04-14,1865.790039,1871.890015,1863.180054,1871.890015,0.326937966
22-04-14,1872.569946,1884.890015,1872.569946,1879.550049,0.372755262
23-04-14,1879.319946,1879.75,1873.910034,1875.390015,-0.209114526
24-04-14,1881.969971,1884.060059,1870.23999,1878.609985,-0.17853558
25-04-14,1877.719971,1877.719971,1859.699951,1863.400024,-0.762624205
28-04-14,1865,1877.01001,1850.609985,1869.430054,0.237536408
29-04-14,1870.780029,1880.599976,1870.780029,1878.329956,0.403571071
30-04-14,1877.099976,1885.199951,1872.689941,1883.949951,0.364923291
01-05-14,1884.390015,1888.589966,1878.040039,1883.680054,-0.037675905
02-05-14,1885.300049,1891.329956,1878.5,1881.140015,-0.220656335
05-05-14,1879.449951,1885.51001,1866.77002,1884.660034,0.277213181
06-05-14,1883.689941,1883.689941,1867.719971,1867.719971,-0.847802478
07-05-14,1868.530029,1878.829956,1859.790039,1878.209961,0.518050652
08-05-14,1877.390015,1889.069946,1870.050049,1875.630005,-0.093747702
09-05-14,1875.27002,1878.569946,1867.02002,1878.47998,0.171173216
12-05-14,1880.030029,1897.130005,1880.030029,1896.650024,0.884028167
13-05-14,1896.75,1902.170044,1896.060059,1897.449951,0.036902649
14-05-14,1897.130005,1897.130005,1885.77002,1888.530029,-0.453315059
15-05-14,1888.160034,1888.160034,1862.359985,1870.849976,-0.916768584
16-05-14,1871.189941,1878.280029,1864.819946,1877.859985,0.356460018
19-05-14,1876.660034,1886,1872.420044,1885.079956,0.44866528
20-05-14,1884.880005,1884.880005,1868.140015,1872.829956,-0.63930059
21-05-14,1873.339966,1888.800049,1873.339966,1888.030029,0.784164288
22-05-14,1888.189941,1896.329956,1885.390015,1892.48999,0.227733922
23-05-14,1893.319946,1901.26001,1893.319946,1900.530029,0.380816936
27-05-14,1902.01001,1912.280029,1902.01001,1911.910034,0.520503254
28-05-14,1911.77002,1914.459961,1907.300049,1909.780029,-0.104091548
29-05-14,1910.599976,1920.030029,1909.819946,1920.030029,0.493565012
30-05-14,1920.329956,1924.030029,1916.640015,1923.569946,0.168720484
02-06-14,1923.869995,1925.880005,1915.97998,1924.969971,0.057175173
03-06-14,1923.069946,1925.069946,1918.790039,1924.23999,0.060842509
04-06-14,1923.060059,1928.630005,1918.599976,1927.880005,0.25063939
05-06-14,1928.52002,1941.73999,1922.930054,1940.459961,0.619124555
06-06-14,1942.410034,1949.439941,1942.410034,1949.439941,0.361916736
09-06-14,1948.969971,1955.550049,1947.160034,1951.27002,0.118013568
10-06-14,1950.339966,1950.859985,1944.640015,1950.790039,0.023076643
11-06-14,1949.369995,1949.369995,1940.079956,1943.890015,-0.281115438
12-06-14,1943.349976,1943.349976,1925.780029,1930.109985,-0.681297304
13-06-14,1930.800049,1937.300049,1927.689941,1936.160034,0.277604354
16-06-14,1934.839966,1941.150024,1930.910034,1937.780029,0.151953808
17-06-14,1937.150024,1943.689941,1933.550049,1941.98999,0.249849828
18-06-14,1942.72998,1957.73999,1939.290039,1956.97998,0.733503891
19-06-14,1957.5,1959.869995,1952.26001,1959.47998,0.101148404
20-06-14,1960.449951,1963.910034,1959.170044,1962.869995,0.123443294
23-06-14,1962.920044,1963.73999,1958.890015,1962.609985,-0.015795804
24-06-14,1961.969971,1968.170044,1948.339966,1949.97998,-0.611120006
25-06-14,1949.27002,1960.829956,1947.48999,1959.530029,0.526351347
26-06-14,1959.890015,1959.890015,1944.689941,1957.219971,-0.136234379
27-06-14,1956.560059,1961.469971,1952.180054,1960.959961,0.224879476
30-06-14,1960.790039,1964.23999,1958.219971,1960.22998,-0.028562926
01-07-14,1962.290039,1978.579956,1962.290039,1973.319946,0.562093614
02-07-14,1973.060059,1976.670044,1972.579956,1974.619995,0.07906176
03-07-14,1975.880005,1985.589966,1975.880005,1985.439941,0.48383181
07-07-14,1984.219971,1984.219971,1974.880005,1977.650024,-0.331109811
08-07-14,1976.390015,1976.390015,1959.459961,1963.709961,-0.641576506
09-07-14,1965.099976,1974.150024,1965.099976,1972.829956,0.393363192
10-07-14,1966.670044,1969.839966,1952.859985,1964.680054,-0.101185758
11-07-14,1965.76001,1968.670044,1959.630005,1967.569946,0.092073091
14-07-14,1969.859985,1979.849976,1969.859985,1977.099976,0.367538356
15-07-14,1977.359985,1982.52002,1965.339966,1973.280029,-0.206333497
16-07-14,1976.349976,1983.939941,1975.670044,1981.569946,0.264121743
17-07-14,1979.75,1981.800049,1955.589966,1958.119995,-1.092562445
18-07-14,1961.540039,1979.910034,1960.819946,1978.219971,0.850348791
21-07-14,1976.930054,1976.930054,1965.77002,1973.630005,-0.16692796
22-07-14,1975.650024,1986.23999,1975.650024,1983.530029,0.398856321
23-07-14,1985.319946,1989.22998,1982.439941,1987.01001,0.085128042
24-07-14,1988.069946,1991.390015,1985.790039,1987.97998,-0.004525293
25-07-14,1984.599976,1984.599976,1974.369995,1978.339966,-0.315429309
28-07-14,1978.25,1981.52002,1967.310059,1978.910034,0.033364539
29-07-14,1980.030029,1984.849976,1969.949951,1969.949951,-0.509087128
30-07-14,1973.209961,1978.900024,1962.420044,1970.069946,-0.159132331
31-07-14,1965.140015,1965.140015,1930.670044,1930.670044,-1.754072012
01-08-14,1929.800049,1937.349976,1916.369995,1925.150024,-0.240958902
04-08-14,1926.619995,1942.920044,1921.199951,1938.98999,0.642056816
05-08-14,1936.339966,1936.339966,1913.77002,1920.209961,-0.833015136
06-08-14,1917.290039,1927.910034,1911.449951,1920.23999,0.153860446
07-08-14,1923.030029,1928.890015,1904.780029,1909.569946,-0.699941384
08-08-14,1910.349976,1932.380005,1909.01001,1931.589966,1.111837635
11-08-14,1933.430054,1944.900024,1933.430054,1936.920044,0.180507694
12-08-14,1935.72998,1939.650024,1928.290039,1933.75,-0.10228596
13-08-14,1935.599976,1948.410034,1935.599976,1946.719971,0.574498612
14-08-14,1947.410034,1955.22998,1947.410034,1955.180054,0.398992501
15-08-14,1958.869995,1964.040039,1941.5,1955.060059,-0.194496624
18-08-14,1958.359985,1971.98999,1958.359985,1971.73999,0.683225
19-08-14,1972.72998,1982.569946,1972.72998,1981.599976,0.449630517
20-08-14,1980.459961,1988.569946,1977.680054,1986.51001,0.305487065
21-08-14,1986.819946,1994.76001,1986.819946,1992.369995,0.27934333
22-08-14,1992.599976,1993.540039,1984.76001,1988.400024,-0.210777479
25-08-14,1991.73999,2001.949951,1991.73999,1997.920044,0.310284175
26-08-14,1998.589966,2005.040039,1998.589966,2000.02002,0.071553146
27-08-14,2000.540039,2002.140015,1996.199951,2000.119995,-0.020996531
28-08-14,1997.420044,1998.550049,1990.52002,1996.73999,-0.034046619
29-08-14,1998.449951,2003.380005,1994.650024,2003.369995,0.246193006
02-09-14,2004.069946,2006.119995,1994.849976,2002.280029,-0.089314098
03-09-14,2003.569946,2009.280029,1998.140015,2000.719971,-0.142244847
04-09-14,2001.670044,2011.170044,1992.540039,1997.650024,-0.2008333
05-09-14,1998,2007.709961,1990.099976,2007.709961,0.485984034
08-09-14,2007.170044,2007.170044,1995.599976,2001.540039,-0.28049467
09-09-14,2000.72998,2001.01001,1984.609985,1988.439941,-0.614277745
10-09-14,1988.410034,1996.660034,1982.98999,1995.689941,0.366116992
11-09-14,1992.849976,1997.650024,1985.930054,1997.449951,0.230823948
12-09-14,1996.73999,1996.73999,1980.26001,1985.540039,-0.560911839
15-09-14,1986.040039,1987.180054,1978.47998,1984.130005,-0.096172986
16-09-14,1981.930054,2002.280029,1979.060059,1998.97998,0.860268805
17-09-14,1999.300049,2010.73999,1993.290039,2001.569946,0.113534584
18-09-14,2003.069946,2012.339966,2003.069946,2011.359985,0.413866676
19-09-14,2012.73999,2019.26001,2006.589966,2010.400024,-0.116257739
22-09-14,2009.079956,2009.079956,1991.01001,1994.290039,-0.736153728
23-09-14,1992.780029,1995.410034,1982.77002,1982.77002,-0.502313796
24-09-14,1983.339966,1999.790039,1978.630005,1998.300049,0.754287377
25-09-14,1997.319946,1997.319946,1965.98999,1965.98999,-1.568599766
26-09-14,1966.219971,1986.369995,1966.219971,1982.849976,0.845785581
29-09-14,1978.959961,1981.280029,1964.040039,1977.800049,-0.058612202
30-09-14,1978.209961,1985.170044,1968.959961,1972.290039,-0.299256505
01-10-14,1971.439941,1971.439941,1941.719971,1946.160034,-1.282306728
02-10-14,1945.829956,1952.319946,1926.030029,1946.170044,0.017477786
03-10-14,1948.119995,1971.189941,1948.119995,1967.900024,1.015339355
06-10-14,1970.01001,1977.839966,1958.430054,1964.819946,-0.263453687
07-10-14,1962.359985,1962.359985,1934.869995,1935.099976,-1.389144153
08-10-14,1935.550049,1970.359985,1925.25,1968.890015,1.722506014
09-10-14,1967.680054,1967.680054,1927.560059,1928.209961,-2.005920267
10-10-14,1925.630005,1936.97998,1906.050049,1906.130005,-1.012655596
13-10-14,1905.650024,1912.089966,1874.140015,1874.73999,-1.622020498
14-10-14,1877.109985,1898.709961,1871.790039,1877.699951,0.031429485
15-10-14,1874.180054,1874.180054,1820.660034,1862.48999,-0.623742846
16-10-14,1855.949951,1876.01001,1835.02002,1862.76001,0.366931177
17-10-14,1864.910034,1898.160034,1864.910034,1886.76001,1.171637001
20-10-14,1885.619995,1905.030029,1882.300049,1904.01001,0.975276835
21-10-14,1909.380005,1942.449951,1909.380005,1941.280029,1.670700642
22-10-14,1941.290039,1949.310059,1926.829956,1927.109985,-0.730444896
23-10-14,1931.02002,1961.949951,1931.02002,1950.819946,1.02536099
24-10-14,1951.589966,1965.27002,1946.27002,1964.579956,0.665610616
27-10-14,1962.969971,1964.640015,1951.369995,1961.630005,-0.068262175
28-10-14,1964.140015,1985.050049,1964.140015,1985.050049,1.064589787
29-10-14,1983.290039,1991.400024,1969.040039,1982.300049,-0.049916552
30-10-14,1979.48999,1999.400024,1974.75,1994.650024,0.765855553
31-10-14,2001.199951,2018.189941,2001.199951,2018.050049,0.841999721
03-11-14,2018.209961,2024.459961,2013.680054,2017.810059,-0.019814688
04-11-14,2015.810059,2015.97998,2001.01001,2012.099976,-0.184049235
05-11-14,2015.290039,2023.77002,2014.420044,2023.569946,0.41085436
06-11-14,2023.329956,2031.609985,2015.859985,2031.209961,0.38945724
07-11-14,2032.359985,2034.26001,2025.069946,2031.920044,-0.021646805
10-11-14,2032.01001,2038.699951,2030.170044,2038.26001,0.307577225
11-11-14,2038.199951,2041.280029,2035.280029,2039.680054,0.072618145
12-11-14,2037.75,2040.329956,2031.949951,2038.25,0.024536867
13-11-14,2039.209961,2046.180054,2030.439941,2039.329956,0.005884387
14-11-14,2039.73999,2042.219971,2035.199951,2039.819946,0.003919911
17-11-14,2038.290039,2043.069946,2034.459961,2041.319946,0.148649453
18-11-14,2041.47998,2056.080078,2041.47998,2051.800049,0.505518991
19-11-14,2051.159912,2052.139893,2040.369995,2048.719971,-0.118954207
20-11-14,2045.869995,2053.840088,2040.48999,2052.75,0.336287497
21-11-14,2057.459961,2071.459961,2056.75,2063.5,0.293567754
24-11-14,2065.070068,2070.169922,2065.070068,2069.409912,0.210154806
25-11-14,2070.149902,2074.209961,2064.75,2067.030029,-0.150707589
26-11-14,2067.360107,2073.290039,2066.620117,2072.830078,0.264587238
28-11-14,2074.780029,2075.76001,2065.060059,2067.560059,-0.347987252
01-12-14,2065.780029,2065.780029,2049.570068,2053.439941,-0.597357309
02-12-14,2053.77002,2068.77002,2053.77002,2066.550049,0.62227167
03-12-14,2067.449951,2076.280029,2066.649902,2074.330078,0.332783243
04-12-14,2073.639893,2077.340088,2062.340088,2071.919922,-0.082944537
05-12-14,2072.780029,2079.469971,2070.810059,2075.370117,0.124957205
08-12-14,2074.840088,2075.780029,2054.27002,2060.310059,-0.70029633
09-12-14,2056.550049,2060.600098,2034.170044,2059.820068,0.159005078
10-12-14,2058.860107,2058.860107,2024.26001,2026.140015,-1.589233377
11-12-14,2027.920044,2055.530029,2027.920044,2035.329956,0.365394682
12-12-14,2030.359985,2032.25,2002.329956,2002.329956,-1.38054479
15-12-14,2005.030029,2018.689941,1982.26001,1989.630005,-0.768069494
16-12-14,1986.709961,2016.890015,1972.560059,1972.73999,-0.703171136
17-12-14,1973.77002,2016.75,1973.77002,2012.890015,1.981993576
18-12-14,2018.97998,2061.22998,2018.97998,2061.22998,2.092640859
19-12-14,2061.040039,2077.850098,2061.030029,2070.649902,0.4662628
22-12-14,2069.280029,2078.76001,2069.280029,2078.540039,0.447499124
23-12-14,2081.47998,2086.72998,2079.77002,2082.169922,0.033146704
24-12-14,2083.25,2087.560059,2081.860107,2081.879883,-0.065768247
26-12-14,2084.300049,2092.699951,2084.300049,2088.77002,0.214459094
29-12-14,2087.629883,2093.550049,2085.75,2090.570068,0.140838423
30-12-14,2088.48999,2088.48999,2079.530029,2080.350098,-0.389750108
31-12-14,2082.110107,2085.580078,2057.939941,2058.899902,-1.114744361
02-01-15,2058.899902,2072.360107,2046.040039,2058.199951,-0.033996359
05-01-15,2054.439941,2054.439941,2017.339966,2020.579956,-1.648137009
06-01-15,2022.150024,2030.25,1992.439941,2002.609985,-0.966300164
07-01-15,2005.550049,2029.609985,2005.550049,2025.900024,1.01468298
08-01-15,2030.609985,2064.080078,2030.609985,2062.139893,1.552730866
09-01-15,2063.449951,2064.429932,2038.329956,2044.810059,-0.903336279
12-01-15,2046.130005,2049.300049,2022.579956,2028.26001,-0.873355796
13-01-15,2031.579956,2056.929932,2008.25,2023.030029,-0.42085112
14-01-15,2018.400024,2018.400024,1988.439941,2011.27002,-0.353250293
15-01-15,2013.75,2021.349976,1991.469971,1992.670044,-1.046801043
16-01-15,1992.25,2020.459961,1988.119995,2019.420044,1.363786874
20-01-15,2020.76001,2028.939941,2004.48999,2022.550049,0.088582464
21-01-15,2020.189941,2038.290039,2012.040039,2032.119995,0.590541204
22-01-15,2034.300049,2064.620117,2026.380005,2063.149902,1.418170983
23-01-15,2062.97998,2062.97998,2050.540039,2051.820068,-0.540960751
26-01-15,2050.419922,2057.620117,2040.969971,2057.090088,0.325307315
27-01-15,2047.859985,2047.859985,2019.910034,2029.550049,-0.89410097
28-01-15,2032.339966,2042.48999,2001.48999,2002.160034,-1.484984427
29-01-15,2002.449951,2024.640015,1989.180054,2021.25,0.938852379
30-01-15,2019.349976,2023.319946,1993.380005,1994.98999,-1.20632809
02-02-15,1996.670044,2021.660034,1980.900024,2020.849976,1.21101291
03-02-15,2022.709961,2050.300049,2022.709961,2050.030029,1.350666607
04-02-15,2048.860107,2054.73999,2036.719971,2041.51001,-0.358740793
05-02-15,2043.449951,2063.550049,2043.449951,2062.52002,0.933229071
06-02-15,2062.280029,2072.399902,2049.969971,2055.469971,-0.330219849
09-02-15,2053.469971,2056.159912,2041.880005,2046.73999,-0.327737006
10-02-15,2049.379883,2070.860107,2048.620117,2068.590088,0.937366721
11-02-15,2068.550049,2073.47998,2057.98999,2068.530029,-0.000967828
12-02-15,2069.97998,2088.530029,2069.97998,2088.47998,0.89372845
13-02-15,2088.780029,2097.030029,2086.699951,2096.98999,0.393050531
17-02-15,2096.469971,2101.300049,2089.800049,2100.340088,0.184601595
18-02-15,2099.159912,2100.22998,2092.149902,2099.679932,0.024772767
19-02-15,2099.25,2102.129883,2090.790039,2097.449951,-0.085747243
20-02-15,2097.649902,2110.610107,2085.439941,2110.300049,0.603062837
23-02-15,2109.830078,2110.050049,2103,2109.659912,-0.008065389
24-02-15,2109.100098,2117.939941,2105.870117,2115.47998,0.302493087
25-02-15,2115.300049,2119.590088,2109.889893,2113.860107,-0.068072707
26-02-15,2113.909912,2113.909912,2103.76001,2110.73999,-0.149955397
27-02-15,2110.879883,2112.73999,2103.75,2104.5,-0.302238088
02-03-15,2105.22998,2117.52002,2104.5,2117.389893,0.57760497
03-03-15,2115.76001,2115.76001,2098.26001,2107.780029,-0.377168533
04-03-15,2107.719971,2107.719971,2094.48999,2098.530029,-0.436013423
05-03-15,2098.540039,2104.25,2095.219971,2101.040039,0.119130441
06-03-15,2100.909912,2100.909912,2067.27002,2071.26001,-1.411288596
09-03-15,2072.25,2083.48999,2072.209961,2079.429932,0.34648001
10-03-15,2076.139893,2076.139893,2044.160034,2044.160034,-1.540351838
11-03-15,2044.689941,2050.080078,2039.689941,2040.23999,-0.217634513
12-03-15,2041.099976,2066.409912,2041.099976,2065.949951,1.21747956
13-03-15,2064.560059,2064.560059,2041.170044,2053.399902,-0.540558602
16-03-15,2055.350098,2081.409912,2055.350098,2081.189941,1.257199103
17-03-15,2080.590088,2080.590088,2065.080078,2074.280029,-0.303282181
18-03-15,2072.840088,2106.850098,2061.22998,2099.5,1.286153821
19-03-15,2098.689941,2098.689941,2085.560059,2089.27002,-0.448847675
20-03-15,2090.320068,2113.919922,2090.320068,2108.100098,0.850588877
23-03-15,2107.98999,2114.860107,2104.419922,2104.419922,-0.169358869
24-03-15,2103.939941,2107.629883,2091.5,2091.5,-0.591268827
25-03-15,2093.100098,2097.429932,2061.050049,2061.050049,-1.531223902
26-03-15,2059.939941,2067.149902,2045.5,2056.149902,-0.18398784
27-03-15,2055.780029,2062.830078,2052.959961,2061.02002,0.254890646
30-03-15,2064.110107,2088.969971,2064.110107,2086.23999,1.07212706
31-03-15,2084.050049,2084.050049,2067.040039,2067.889893,-0.775420725
01-04-15,2067.629883,2067.629883,2048.379883,2059.689941,-0.384011765
02-04-15,2060.030029,2072.169922,2057.320068,2066.959961,0.336399562
06-04-15,2064.870117,2086.98999,2056.52002,2080.620117,0.76275984
07-04-15,2080.790039,2089.810059,2076.100098,2076.330078,-0.21433979
08-04-15,2076.939941,2086.689941,2073.300049,2081.899902,0.238810998
09-04-15,2081.290039,2093.310059,2074.290039,2091.179932,0.475180913
10-04-15,2091.51001,2102.610107,2091.51001,2102.060059,0.504422592
13-04-15,2102.030029,2107.649902,2092.330078,2092.429932,-0.456705987
14-04-15,2092.280029,2098.620117,2083.23999,2095.840088,0.170152128
15-04-15,2097.820068,2111.909912,2097.820068,2106.629883,0.419950935
16-04-15,2105.959961,2111.300049,2100.02002,2104.98999,-0.046058378
17-04-15,2102.580078,2102.580078,2072.370117,2081.179932,-1.017804089
20-04-15,2084.110107,2103.939941,2084.110107,2100.399902,0.781618732
21-04-15,2102.820068,2109.639893,2094.379883,2097.290039,-0.262981559
22-04-15,2098.27002,2109.97998,2091.050049,2107.959961,0.461806198
23-04-15,2107.209961,2120.48999,2103.189941,2112.929932,0.271447606
24-04-15,2112.800049,2120.919922,2112.800049,2117.689941,0.231441305
27-04-15,2119.290039,2125.919922,2107.040039,2108.919922,-0.489320329
28-04-15,2108.350098,2116.040039,2094.889893,2114.76001,0.304025029
29-04-15,2112.48999,2113.649902,2097.409912,2106.850098,-0.266978401
30-04-15,2105.52002,2105.52002,2077.590088,2085.51001,-0.950359522
01-05-15,2087.379883,2108.409912,2087.379883,2108.290039,1.001741761
04-05-15,2110.22998,2120.949951,2110.22998,2114.48999,0.201874205
05-05-15,2112.629883,2115.23999,2088.459961,2089.459961,-1.096733611
06-05-15,2091.26001,2098.419922,2067.929932,2080.149902,-0.531263829
07-05-15,2079.959961,2092.899902,2074.98999,2088,0.386547777
08-05-15,2092.129883,2117.659912,2092.129883,2116.100098,1.145732643
11-05-15,2115.560059,2117.689941,2104.580078,2105.330078,-0.483558997
12-05-15,2102.870117,2105.060059,2085.570068,2099.120117,-0.178327704
13-05-15,2099.620117,2110.189941,2096.040039,2098.47998,-0.054302061
14-05-15,2100.429932,2121.449951,2100.429932,2121.100098,0.984092146
15-05-15,2122.070068,2123.889893,2116.810059,2122.72998,0.031097559
18-05-15,2121.300049,2131.780029,2120.01001,2129.199951,0.372408514
19-05-15,2129.449951,2133.02002,2124.5,2127.830078,-0.07607002
20-05-15,2127.790039,2134.719971,2122.590088,2125.850098,-0.091171637
21-05-15,2125.550049,2134.280029,2122.949951,2130.820068,0.247936717
22-05-15,2130.360107,2132.149902,2126.060059,2126.060059,-0.201846063
26-05-15,2125.340088,2125.340088,2099.179932,2104.199951,-0.994670788
27-05-15,2105.129883,2126.219971,2105.129883,2123.47998,0.87168479
28-05-15,2122.27002,2122.27002,2112.860107,2120.790039,-0.069735754
29-05-15,2120.659912,2120.659912,2104.889893,2107.389893,-0.62574951
01-06-15,2108.639893,2119.149902,2102.540039,2111.72998,0.146544083
02-06-15,2110.409912,2117.590088,2099.139893,2109.600098,-0.038372356
03-06-15,2110.639893,2121.919922,2109.610107,2114.070068,0.162518249
04-06-15,2112.350098,2112.889893,2093.22998,2095.840088,-0.781594396
05-06-15,2095.090088,2100.98999,2085.669922,2092.830078,-0.107871734
08-06-15,2092.340088,2093.01001,2079.110107,2079.280029,-0.624184332
09-06-15,2079.070068,2085.620117,2072.139893,2080.149902,0.051938317
10-06-15,2081.120117,2108.5,2081.120117,2105.199951,1.157061229
11-06-15,2106.23999,2115.02002,2106.23999,2108.860107,0.124397837
12-06-15,2107.429932,2107.429932,2091.330078,2094.110107,-0.63204118
15-06-15,2091.340088,2091.340088,2072.48999,2084.429932,-0.330417613
16-06-15,2084.26001,2097.399902,2082.100098,2096.290039,0.577184657
17-06-15,2097.399902,2106.790039,2088.860107,2100.439941,0.144943222
18-06-15,2101.580078,2126.649902,2101.580078,2121.23999,0.935482412
19-06-15,2121.060059,2121.639893,2109.449951,2109.98999,-0.521912095
22-06-15,2112.5,2129.870117,2112.5,2122.850098,0.489945467
23-06-15,2123.159912,2128.030029,2119.889893,2124.199951,0.048985429
24-06-15,2123.649902,2125.100098,2108.580078,2108.580078,-0.709619038
25-06-15,2109.959961,2116.040039,2101.780029,2102.310059,-0.362561477
26-06-15,2102.620117,2108.919922,2095.379883,2101.48999,-0.053748511
29-06-15,2098.629883,2098.629883,2056.639893,2057.639893,-1.953178611
30-06-15,2061.189941,2074.280029,2056.320068,2063.110107,0.09315813
01-07-15,2067,2082.780029,2067,2077.419922,0.504108466
02-07-15,2078.030029,2085.060059,2071.02002,2076.780029,-0.060153125
06-07-15,2073.949951,2078.610107,2058.399902,2068.76001,-0.250244274
07-07-15,2069.52002,2083.73999,2044.02002,2081.340088,0.571150213
08-07-15,2077.659912,2077.659912,2044.660034,2046.680054,-1.491093794
09-07-15,2049.72998,2074.280029,2049.72998,2051.310059,0.077087178
10-07-15,2052.73999,2081.310059,2052.73999,2076.620117,1.163329361
13-07-15,2080.030029,2100.669922,2080.030029,2099.600098,0.940855119
14-07-15,2099.719971,2111.97998,2098.179932,2108.949951,0.439581474
15-07-15,2109.01001,2114.139893,2102.48999,2107.399902,-0.076344256
16-07-15,2110.550049,2124.419922,2110.550049,2124.290039,0.651014649
17-07-15,2126.800049,2128.909912,2119.879883,2126.639893,-0.007530374
20-07-15,2126.850098,2132.820068,2123.659912,2128.280029,0.067232336
21-07-15,2127.550049,2128.48999,2115.399902,2119.209961,-0.392004315
22-07-15,2118.209961,2118.51001,2110,2114.149902,-0.191674059
23-07-15,2114.159912,2116.870117,2098.629883,2102.149902,-0.568074815
24-07-15,2102.23999,2106.01001,2077.090088,2079.649902,-1.074572271
27-07-15,2078.189941,2078.189941,2063.52002,2067.639893,-0.507655619
28-07-15,2070.75,2095.600098,2069.090088,2093.25,1.08656284
29-07-15,2094.699951,2110.600098,2094.080078,2108.570068,0.662152925
30-07-15,2106.780029,2110.47998,2094.969971,2108.629883,0.0878048
31-07-15,2111.600098,2114.23999,2102.070068,2103.840088,-0.3674943
03-08-15,2104.48999,2105.699951,2087.310059,2098.040039,-0.306485231
04-08-15,2097.679932,2102.51001,2088.600098,2093.320068,-0.207842194
05-08-15,2095.27002,2112.659912,2095.27002,2099.840088,0.218113558
06-08-15,2100.75,2103.320068,2075.530029,2083.560059,-0.818276377
07-08-15,2082.610107,2082.610107,2067.909912,2077.570068,-0.242005884
10-08-15,2080.97998,2105.350098,2080.97998,2104.179932,1.114857049
11-08-15,2102.659912,2102.659912,2076.48999,2084.070068,-0.88411083
12-08-15,2081.100098,2089.060059,2052.090088,2086.050049,0.237852615
13-08-15,2086.189941,2092.929932,2078.26001,2083.389893,-0.134218268
14-08-15,2083.149902,2092.449951,2080.610107,2091.540039,0.402762038
17-08-15,2089.699951,2102.870117,2079.300049,2102.439941,0.609656424
18-08-15,2101.98999,2103.469971,2094.139893,2096.919922,-0.241203242
19-08-15,2095.689941,2096.169922,2070.530029,2079.610107,-0.767281156
20-08-15,2076.610107,2076.610107,2035.72998,2035.72998,-1.968599058
21-08-15,2034.079956,2034.079956,1970.890015,1970.890015,-3.106561314
24-08-15,1965.150024,1965.150024,1867.01001,1893.209961,-3.660792414
25-08-15,1898.079956,1948.040039,1867.079956,1867.609985,-1.605304924
26-08-15,1872.75,1943.089966,1872.75,1940.51001,3.618209051
27-08-15,1942.77002,1989.599976,1942.77002,1987.660034,2.310619041
28-08-15,1986.060059,1993.47998,1975.189941,1988.869995,0.141482932
31-08-15,1986.72998,1986.72998,1965.97998,1972.180054,-0.732355486
01-09-15,1970.089966,1970.089966,1903.069946,1913.849976,-2.854691459
02-09-15,1916.52002,1948.910034,1916.52002,1948.859985,1.687431629
03-09-15,1950.790039,1975.01001,1944.719971,1951.130005,0.017427093
04-09-15,1947.76001,1947.76001,1911.209961,1921.219971,-1.362592869
08-09-15,1927.300049,1970.420044,1927.300049,1969.410034,2.184921078
09-09-15,1971.449951,1988.630005,1937.880005,1942.040039,-1.491790952
10-09-15,1941.589966,1965.290039,1937.189941,1952.290039,0.551098491
11-09-15,1951.449951,1961.050049,1939.189941,1961.050049,0.491946924
14-09-15,1963.060059,1963.060059,1948.27002,1953.030029,-0.510938519
15-09-15,1955.099976,1983.189941,1954.300049,1978.089966,1.175898434
16-09-15,1978.02002,1997.26001,1977.930054,1995.310059,0.874108392
17-09-15,1995.329956,2020.859985,1986.72998,1990.199951,-0.257100586
18-09-15,1989.660034,1989.660034,1953.449951,1958.030029,-1.589719071
21-09-15,1960.839966,1979.640015,1955.800049,1966.969971,0.312621382
22-09-15,1961.390015,1961.390015,1929.219971,1942.73999,-0.950857548
23-09-15,1943.23999,1949.52002,1932.569946,1938.76001,-0.230541777
24-09-15,1934.810059,1937.170044,1908.920044,1932.23999,-0.132833142
25-09-15,1935.930054,1952.890015,1921.5,1931.339966,-0.237099889
28-09-15,1929.180054,1929.180054,1879.209961,1881.77002,-2.457522506
29-09-15,1881.900024,1899.47998,1871.910034,1884.089966,0.116368668
30-09-15,1887.140015,1920.530029,1887.140015,1920.030029,1.742849695
01-10-15,1919.650024,1927.209961,1900.699951,1923.819946,0.217223033
02-10-15,1921.77002,1951.359985,1893.699951,1951.359985,1.539724561
05-10-15,1954.329956,1989.170044,1954.329956,1987.050049,1.674235863
06-10-15,1986.630005,1991.619995,1971.98999,1979.920044,-0.337755948
07-10-15,1982.339966,1999.310059,1976.439941,1995.829956,0.680508401
08-10-15,1994.01001,2016.5,1987.530029,2013.430054,0.973919083
09-10-15,2013.72998,2020.130005,2007.609985,2014.890015,0.057606283
12-10-15,2015.650024,2018.660034,2010.550049,2017.459961,0.089794209
13-10-15,2015,2022.339966,2001.780029,2003.689941,-0.561293251
14-10-15,2003.660034,2009.560059,1990.72998,1994.23999,-0.470141832
15-10-15,1996.469971,2024.150024,1996.469971,2023.859985,1.371922163
16-10-15,2024.369995,2033.540039,2020.459961,2033.109985,0.431738764
19-10-15,2031.72998,2034.449951,2022.310059,2033.660034,0.094995596
20-10-15,2033.130005,2039.119995,2026.609985,2030.77002,-0.116076443
21-10-15,2033.469971,2037.969971,2017.219971,2018.939941,-0.714543623
22-10-15,2021.880005,2055.199951,2021.880005,2052.51001,1.514926945
23-10-15,2058.189941,2079.73999,2058.189941,2075.149902,0.824023122
26-10-15,2075.080078,2075.139893,2066.530029,2071.179932,-0.18795159
27-10-15,2068.75,2070.370117,2058.840088,2065.889893,-0.138252906
28-10-15,2066.47998,2090.350098,2063.110107,2090.350098,1.155110053
29-10-15,2088.350098,2092.52002,2082.629883,2089.409912,0.050748866
30-10-15,2090,2094.320068,2079.340088,2079.360107,-0.509085789
02-11-15,2080.76001,2106.199951,2080.76001,2104.050049,1.119304431
03-11-15,2102.629883,2116.47998,2097.51001,2109.790039,0.340533351
04-11-15,2110.600098,2114.590088,2096.97998,2102.310059,-0.392781134
05-11-15,2101.679932,2108.780029,2090.409912,2099.929932,-0.083266723
06-11-15,2098.600098,2101.909912,2083.73999,2099.199951,0.028583483
09-11-15,2096.560059,2096.560059,2068.23999,2078.580078,-0.857594369
10-11-15,2077.189941,2083.669922,2069.909912,2081.719971,0.218084534
11-11-15,2083.409912,2086.939941,2074.850098,2075,-0.403660938
12-11-15,2072.290039,2072.290039,2045.660034,2045.969971,-1.270095764
13-11-15,2044.640015,2044.640015,2022.02002,2023.040039,-1.056419509
16-11-15,2022.079956,2053.219971,2019.390015,2053.189941,1.538514088
17-11-15,2053.669922,2066.689941,2045.900024,2050.439941,-0.157278488
18-11-15,2051.98999,2085.310059,2051.98999,2083.580078,1.539485483
19-11-15,2083.699951,2086.73999,2078.76001,2081.23999,-0.118057353
20-11-15,2082.820068,2097.060059,2082.820068,2089.169922,0.304868102
23-11-15,2089.409912,2095.610107,2081.389893,2086.590088,-0.134957912
24-11-15,2084.419922,2094.120117,2070.290039,2089.139893,0.226440505
25-11-15,2089.300049,2093,2086.300049,2088.870117,-0.020577801
27-11-15,2088.820068,2093.290039,2084.129883,2090.110107,0.061759221
30-11-15,2090.949951,2093.810059,2080.409912,2080.409912,-0.504078971
01-12-15,2082.929932,2103.370117,2082.929932,2102.629883,0.945780782
02-12-15,2101.709961,2104.27002,2077.110107,2079.51001,-1.056280429
03-12-15,2080.709961,2085,2042.349976,2049.620117,-1.494194029
04-12-15,2051.23999,2093.840088,2051.23999,2091.689941,1.971975546
07-12-15,2090.419922,2090.419922,2066.780029,2077.070068,-0.638620684
08-12-15,2073.389893,2073.850098,2052.320068,2063.590088,-0.472646512
09-12-15,2061.169922,2080.330078,2036.530029,2047.619995,-0.657390099
10-12-15,2047.930054,2067.649902,2045.670044,2052.22998,0.209964495
11-12-15,2047.27002,2047.27002,2008.800049,2012.369995,-1.704710403
14-12-15,2013.369995,2022.920044,1993.26001,2021.939941,0.425651819
15-12-15,2025.550049,2053.870117,2025.550049,2043.410034,0.881735063
16-12-15,2046.5,2076.719971,2042.430054,2073.070068,1.298317518
17-12-15,2073.76001,2076.370117,2041.660034,2041.890015,-1.536821756
18-12-15,2040.810059,2040.810059,2005.329956,2005.550049,-1.727745796
21-12-15,2010.27002,2022.900024,2005.930054,2021.150024,0.541221025
22-12-15,2023.150024,2042.73999,2020.48999,2038.969971,0.781946312
23-12-15,2042.199951,2064.72998,2042.199951,2064.290039,1.081680958
24-12-15,2063.52002,2067.360107,2058.72998,2060.98999,-0.122607485
28-12-15,2057.77002,2057.77002,2044.199951,2056.5,-0.061718267
29-12-15,2060.540039,2081.560059,2060.540039,2078.360107,0.864825127
30-12-15,2077.340088,2077.340088,2061.969971,2063.360107,-0.672975074
31-12-15,2060.590088,2062.540039,2043.619995,2043.939941,-0.808028103
04-01-16,2038.199951,2038.199951,1989.680054,2012.660034,-1.253062389
05-01-16,2013.780029,2021.939941,2004.170044,2016.709961,0.145494143
06-01-16,2011.709961,2011.709961,1979.050049,1990.26001,-1.06625465
07-01-16,1985.319946,1985.319946,1938.829956,1943.089966,-2.12711206
08-01-16,1945.969971,1960.400024,1918.459961,1922.030029,-1.230231831
11-01-16,1926.119995,1935.650024,1901.099976,1923.670044,-0.127196177
12-01-16,1927.829956,1947.380005,1914.349976,1938.680054,0.562814058
13-01-16,1940.339966,1950.329956,1886.410034,1890.280029,-2.579957012
14-01-16,1891.680054,1934.469971,1878.930054,1921.839966,1.594345298
15-01-16,1916.680054,1916.680054,1857.829956,1880.329956,-1.896513606
19-01-16,1888.660034,1901.439941,1864.599976,1881.329956,-0.388109976
20-01-16,1876.180054,1876.180054,1812.290039,1859.329956,-0.898106659
21-01-16,1861.459961,1889.849976,1848.97998,1868.98999,0.404522749
22-01-16,1877.400024,1908.849976,1877.400024,1906.900024,1.571322021
25-01-16,1906.280029,1906.280029,1875.969971,1877.079956,-1.531782978
26-01-16,1878.790039,1906.72998,1878.790039,1903.630005,1.322125702
27-01-16,1902.52002,1916.98999,1872.699951,1882.949951,-1.02863932
28-01-16,1885.219971,1902.959961,1873.650024,1893.359985,0.431780595
29-01-16,1894,1940.23999,1894,1940.23999,2.441393347
01-02-16,1936.939941,1947.199951,1920.300049,1939.380005,0.125975202
02-02-16,1935.26001,1935.26001,1897.290039,1903.030029,-1.665408309
03-02-16,1907.069946,1918.01001,1872.22998,1912.530029,0.286307433
04-02-16,1911.670044,1927.349976,1900.52002,1915.449951,0.197728003
05-02-16,1913.069946,1913.069946,1872.650024,1880.050049,-1.72601619
08-02-16,1873.25,1873.25,1828.459961,1853.439941,-1.057523502
09-02-16,1848.459961,1868.25,1834.939941,1852.209961,0.202871584
10-02-16,1857.099976,1881.599976,1850.319946,1851.859985,-0.282159877
11-02-16,1847,1847,1810.099976,1829.079956,-0.970224364
12-02-16,1833.400024,1864.780029,1833.400024,1864.780029,1.711574375
16-02-16,1871.439941,1895.77002,1871.439941,1895.579956,1.289916629
17-02-16,1898.800049,1930.680054,1898.800049,1926.819946,1.475663381
18-02-16,1927.569946,1930,1915.089966,1917.829956,-0.505298914
19-02-16,1916.73999,1918.780029,1902.170044,1917.780029,0.054260829
22-02-16,1924.439941,1946.699951,1924.439941,1945.5,1.094347428
23-02-16,1942.380005,1942.380005,1919.439941,1921.27002,-1.086810251
24-02-16,1917.560059,1932.079956,1891,1929.800049,0.638310646
25-02-16,1931.869995,1951.829956,1925.410034,1951.699951,1.026464309
26-02-16,1954.949951,1962.959961,1945.780029,1948.050049,-0.352945199
29-02-16,1947.130005,1958.27002,1931.810059,1932.22998,-0.765230106
01-03-16,1937.089966,1978.349976,1937.089966,1978.349976,2.129999676
02-03-16,1976.599976,1986.51001,1968.800049,1986.449951,0.498329208
03-03-16,1985.599976,1993.689941,1977.369995,1993.400024,0.392830786
04-03-16,1994.01001,2009.130005,1986.77002,1999.98999,0.299897191
07-03-16,1996.109985,2006.119995,1989.380005,2001.76001,0.283051788
08-03-16,1996.880005,1996.880005,1977.430054,1979.26001,-0.882376255
09-03-16,1981.439941,1992.689941,1979.839966,1989.26001,0.394665962
10-03-16,1990.969971,2005.079956,1969.25,1989.569946,-0.07031874
11-03-16,1994.709961,2022.369995,1994.709961,2022.189941,1.377642892
14-03-16,2019.27002,2024.569946,2012.050049,2019.640015,0.018323206
15-03-16,2015.27002,2015.939941,2005.22998,2015.930054,0.032751641
16-03-16,2014.23999,2032.02002,2010.040039,2027.219971,0.644410848
17-03-16,2026.900024,2046.23999,2022.160034,2040.589966,0.67541279
18-03-16,2041.160034,2052.360107,2041.160034,2049.580078,0.412512682
21-03-16,2047.880005,2053.909912,2043.140015,2051.600098,0.181655809
22-03-16,2048.639893,2056.600098,2040.569946,2049.800049,0.056630548
23-03-16,2048.550049,2048.550049,2034.859985,2036.709961,-0.577974065
24-03-16,2032.47998,2036.040039,2022.48999,2035.939941,0.17023346
28-03-16,2037.890015,2042.670044,2031.959961,2037.050049,-0.041217435
29-03-16,2035.75,2055.909912,2028.310059,2055.01001,0.946089156
30-03-16,2058.27002,2072.209961,2058.27002,2063.949951,0.275956553
31-03-16,2063.77002,2067.919922,2057.459961,2059.73999,-0.19527515
01-04-16,2056.620117,2075.070068,2043.97998,2072.780029,0.785750945
04-04-16,2073.189941,2074.02002,2062.570068,2066.129883,-0.340540819
05-04-16,2062.5,2062.5,2042.560059,2045.170044,-0.840240291
06-04-16,2045.560059,2067.330078,2043.089966,2066.659912,1.03149516
07-04-16,2063.01001,2063.01001,2033.800049,2041.910034,-1.02277623
08-04-16,2045.540039,2060.629883,2041.689941,2047.599976,0.100703822
11-04-16,2050.22998,2062.929932,2041.880005,2041.98999,-0.401905644
12-04-16,2043.719971,2065.050049,2039.73999,2061.719971,0.880746886
13-04-16,2065.919922,2083.179932,2065.919922,2082.419922,0.798675681
14-04-16,2082.889893,2087.840088,2078.129883,2082.780029,-0.005274595
15-04-16,2083.100098,2083.219971,2076.310059,2080.72998,-0.113778402
18-04-16,2078.830078,2094.659912,2073.649902,2094.340088,0.746093207
19-04-16,2096.050049,2104.050049,2091.679932,2100.800049,0.226616726
20-04-16,2101.52002,2111.050049,2096.320068,2102.399902,0.041868837
21-04-16,2102.090088,2103.780029,2088.52002,2091.47998,-0.50474088
22-04-16,2091.48999,2094.320068,2081.199951,2091.580078,0.00430736
25-04-16,2089.370117,2089.370117,2077.52002,2087.790039,-0.07562461
26-04-16,2089.840088,2096.870117,2085.800049,2091.699951,0.08899547
27-04-16,2092.330078,2099.889893,2082.310059,2095.149902,0.134769558
28-04-16,2090.929932,2099.300049,2071.620117,2075.810059,-0.723117153
29-04-16,2071.820068,2073.850098,2052.280029,2065.300049,-0.31470006
02-05-16,2067.169922,2083.419922,2066.110107,2081.429932,0.689832502
03-05-16,2077.179932,2077.179932,2054.889893,2063.370117,-0.664834798
04-05-16,2060.300049,2060.300049,2045.550049,2051.120117,-0.445562869
05-05-16,2052.949951,2060.22998,2045.77002,2050.629883,-0.113011425
06-05-16,2047.77002,2057.719971,2039.449951,2057.139893,0.457564712
09-05-16,2057.550049,2064.149902,2054.310059,2058.689941,0.055400451
10-05-16,2062.629883,2084.870117,2062.629883,2084.389893,1.054964353
11-05-16,2083.290039,2083.290039,2064.459961,2064.459961,-0.903862527
12-05-16,2067.169922,2073.98999,2053.129883,2064.110107,-0.14801952
13-05-16,2062.5,2066.790039,2043.130005,2046.609985,-0.77042497
16-05-16,2046.530029,2071.879883,2046.530029,2066.659912,0.983610439
17-05-16,2065.040039,2065.689941,2040.819946,2047.209961,-0.863425293
18-05-16,2044.380005,2060.610107,2034.48999,2047.630005,0.158972402
19-05-16,2044.209961,2044.209961,2025.910034,2040.040039,-0.203986972
20-05-16,2041.880005,2058.350098,2041.880005,2052.320068,0.511296598
23-05-16,2052.22998,2055.580078,2047.26001,2048.040039,-0.204165276
24-05-16,2052.649902,2079.669922,2052.649902,2076.060059,1.140484648
25-05-16,2078.929932,2094.72998,2078.929932,2090.540039,0.558465527
26-05-16,2091.439941,2094.300049,2087.080078,2090.100098,-0.064063183
27-05-16,2090.060059,2099.060059,2090.060059,2099.060059,0.430609635
31-05-16,2100.129883,2103.47998,2088.659912,2096.949951,-0.151415968
01-06-16,2093.939941,2100.969971,2085.100098,2099.330078,0.257416027
02-06-16,2097.709961,2105.26001,2088.590088,2105.26001,0.359918632
03-06-16,2104.070068,2104.070068,2085.360107,2099.129883,-0.234791848
06-06-16,2100.830078,2113.360107,2100.830078,2109.409912,0.408402093
07-06-16,2110.179932,2119.219971,2110.179932,2112.129883,0.092406859
08-06-16,2112.709961,2120.550049,2112.709961,2119.120117,0.303409181
09-06-16,2115.649902,2117.639893,2107.72998,2115.47998,-0.008031669
10-06-16,2109.570068,2109.570068,2089.959961,2096.070068,-0.63994082
13-06-16,2091.75,2098.120117,2078.459961,2079.060059,-0.606666236
14-06-16,2076.649902,2081.300049,2064.100098,2075.320068,-0.064037467
15-06-16,2077.600098,2085.649902,2069.800049,2071.5,-0.293612712
16-06-16,2066.360107,2079.620117,2050.370117,2077.98999,0.56281976
17-06-16,2078.199951,2078.199951,2062.840088,2071.219971,-0.335866623
20-06-16,2075.580078,2100.659912,2075.580078,2083.25,0.369531491
21-06-16,2085.189941,2093.659912,2083.02002,2088.899902,0.177919571
22-06-16,2089.75,2099.709961,2084.360107,2085.449951,-0.205768585
23-06-16,2092.800049,2113.320068,2092.800049,2113.320068,0.980505472
24-06-16,2103.810059,2103.810059,2032.569946,2037.410034,-3.156179652
27-06-16,2031.449951,2031.449951,1991.680054,2000.540039,-1.521568965
28-06-16,2006.670044,2036.089966,2006.670044,2036.089966,1.466106602
29-06-16,2042.689941,2073.129883,2042.689941,2070.77002,1.374661834
30-06-16,2073.169922,2098.939941,2070,2098.860107,1.239174113
01-07-16,2099.340088,2108.709961,2097.899902,2102.949951,0.171952273
05-07-16,2095.050049,2095.050049,2080.860107,2088.550049,-0.310255118
06-07-16,2084.429932,2100.719971,2074.02002,2099.72998,0.734015942
07-07-16,2100.419922,2109.080078,2089.389893,2097.899902,-0.119976961
08-07-16,2106.969971,2131.709961,2106.969971,2129.899902,1.088289407
11-07-16,2131.719971,2143.159912,2131.719971,2137.159912,0.255190225
12-07-16,2139.5,2155.399902,2139.5,2152.139893,0.59078724
13-07-16,2153.810059,2156.449951,2146.209961,2152.429932,-0.064078399
14-07-16,2157.879883,2168.98999,2157.879883,2163.75,0.272031685
15-07-16,2165.129883,2169.050049,2155.790039,2161.73999,-0.156567651
18-07-16,2162.040039,2168.350098,2159.629883,2166.889893,0.224318417
19-07-16,2163.790039,2164.629883,2159.01001,2163.780029,-0.000462614
20-07-16,2166.100098,2175.629883,2164.889893,2173.02002,0.319464553
21-07-16,2172.909912,2174.560059,2159.75,2165.169922,-0.356203907
22-07-16,2166.469971,2175.110107,2163.23999,2175.030029,0.39511547
25-07-16,2173.709961,2173.709961,2161.949951,2168.47998,-0.240601603
26-07-16,2168.969971,2173.540039,2160.179932,2169.179932,0.009680217
27-07-16,2169.810059,2174.97998,2159.070068,2166.580078,-0.14886008
28-07-16,2166.050049,2172.850098,2159.73999,2170.060059,0.185130071
29-07-16,2168.830078,2177.090088,2163.48999,2173.600098,0.219935165
01-08-16,2173.149902,2178.290039,2166.209961,2170.840088,-0.106288756
02-08-16,2169.939941,2170.199951,2147.580078,2157.030029,-0.594943286
03-08-16,2156.810059,2163.790039,2152.560059,2163.790039,0.32362516
04-08-16,2163.51001,2168.189941,2159.070068,2164.25,0.034203216
05-08-16,2168.790039,2182.870117,2168.790039,2182.870117,0.649213513
08-08-16,2183.76001,2185.439941,2177.850098,2180.889893,-0.131430056
09-08-16,2182.23999,2187.659912,2178.610107,2181.73999,-0.022912237
10-08-16,2182.810059,2183.409912,2172,2175.48999,-0.335350709
11-08-16,2177.969971,2188.449951,2177.969971,2185.790039,0.359053068
12-08-16,2183.73999,2186.280029,2179.419922,2184.050049,0.014198531
15-08-16,2186.080078,2193.810059,2186.080078,2190.149902,0.186169941
16-08-16,2186.23999,2186.23999,2178.139893,2178.149902,-0.370045742
17-08-16,2177.840088,2183.080078,2168.5,2182.219971,0.201111322
18-08-16,2181.899902,2187.030029,2180.459961,2187.02002,0.234663286
19-08-16,2184.23999,2185,2175.129883,2183.870117,-0.016933716
22-08-16,2181.580078,2185.149902,2175.959961,2182.639893,0.048580156
23-08-16,2187.810059,2193.419922,2186.800049,2186.899902,-0.041601281
24-08-16,2185.090088,2186.659912,2171.25,2175.439941,-0.441636116
25-08-16,2173.290039,2179,2169.73999,2172.469971,-0.037733942
26-08-16,2175.100098,2187.939941,2160.389893,2169.040039,-0.27861058
29-08-16,2170.189941,2183.47998,2170.189941,2180.379883,0.469541481
30-08-16,2179.449951,2182.27002,2170.409912,2176.120117,-0.152783229
31-08-16,2173.560059,2173.790039,2161.350098,2170.949951,-0.120084466
01-09-16,2171.330078,2173.560059,2157.090088,2170.860107,-0.021644383
02-09-16,2177.48999,2184.870117,2173.590088,2179.97998,0.114351387
06-09-16,2181.610107,2186.570068,2175.100098,2186.47998,0.223223801
07-09-16,2185.169922,2187.870117,2179.070068,2186.159912,0.045304944
08-09-16,2182.76001,2184.939941,2177.48999,2181.300049,-0.066886006
09-09-16,2169.080078,2169.080078,2127.810059,2127.810059,-1.902650779
12-09-16,2120.860107,2163.300049,2119.120117,2159.040039,1.800209824
13-09-16,2150.469971,2150.469971,2120.27002,2127.02002,-1.090457031
14-09-16,2127.860107,2141.330078,2119.899902,2125.77002,-0.098224831
15-09-16,2125.360107,2151.310059,2122.360107,2147.26001,1.030409055
16-09-16,2146.47998,2146.47998,2131.199951,2139.159912,-0.341026614
19-09-16,2143.98999,2153.610107,2135.909912,2139.120117,-0.227140659
20-09-16,2145.939941,2150.800049,2139.169922,2139.76001,-0.287982477
21-09-16,2144.580078,2165.110107,2139.570068,2163.120117,0.864506725
22-09-16,2170.939941,2179.98999,2170.939941,2177.179932,0.287432687
23-09-16,2173.290039,2173.75,2163.969971,2164.689941,-0.395717914
26-09-16,2158.540039,2158.540039,2145.040039,2146.100098,-0.576312729
27-09-16,2146.040039,2161.129883,2141.550049,2159.929932,0.647233637
28-09-16,2161.850098,2172.399902,2151.790039,2171.370117,0.440364436
29-09-16,2168.899902,2172.669922,2145.199951,2151.129883,-0.81931024
30-09-16,2156.51001,2175.300049,2156.51001,2168.27002,0.54532601
03-10-16,2164.330078,2164.409912,2154.77002,2161.199951,-0.144623366
04-10-16,2163.370117,2165.459961,2144.01001,2150.48999,-0.595373251
05-10-16,2155.149902,2163.949951,2155.149902,2159.72998,0.212517839
06-10-16,2158.219971,2162.929932,2150.280029,2160.77002,0.118155194
07-10-16,2164.189941,2165.860107,2144.850098,2153.73999,-0.482857387
10-10-16,2160.389893,2169.600098,2160.389893,2163.659912,0.151362447
11-10-16,2161.350098,2161.560059,2128.840088,2136.72998,-1.139108283
12-10-16,2137.669922,2145.360107,2132.77002,2139.179932,0.070638127
13-10-16,2130.26001,2138.189941,2114.719971,2132.550049,0.107500445
14-10-16,2139.679932,2149.189941,2132.97998,2132.97998,-0.313128702
17-10-16,2132.949951,2135.610107,2124.429932,2126.5,-0.302395797
18-10-16,2138.310059,2144.379883,2135.48999,2139.600098,0.060329838
19-10-16,2140.810059,2148.439941,2138.149902,2144.290039,0.162554356
20-10-16,2142.51001,2147.179932,2133.439941,2141.340088,-0.054605206
21-10-16,2139.429932,2142.629883,2130.090088,2141.159912,0.080861727
24-10-16,2148.5,2154.790039,2146.909912,2151.330078,0.131723435
25-10-16,2149.719971,2151.439941,2141.929932,2143.159912,-0.305158769
26-10-16,2136.969971,2145.72998,2131.590088,2139.429932,0.115114439
27-10-16,2144.060059,2147.129883,2132.52002,2133.040039,-0.513979072
28-10-16,2132.22998,2140.719971,2119.360107,2126.409912,-0.27295686
31-10-16,2129.780029,2133.25,2125.530029,2126.149902,-0.1704461
01-11-16,2128.679932,2131.449951,2097.850098,2111.719971,-0.796736078
02-11-16,2109.429932,2111.76001,2094,2097.939941,-0.5446965
03-11-16,2098.800049,2102.560059,2085.22998,2088.659912,-0.483139735
04-11-16,2083.790039,2099.070068,2083.790039,2085.179932,0.066700242
07-11-16,2100.590088,2132,2100.590088,2131.52002,1.472440157
08-11-16,2129.919922,2146.870117,2123.560059,2139.560059,0.452605607
09-11-16,2131.560059,2170.100098,2125.350098,2163.26001,1.487171373
10-11-16,2167.48999,2182.300049,2151.169922,2167.47998,-0.000461825
11-11-16,2162.709961,2165.919922,2152.48999,2164.449951,0.080454154
14-11-16,2165.639893,2171.360107,2156.080078,2164.199951,-0.066490371
15-11-16,2168.290039,2180.840088,2166.379883,2180.389893,0.558036692
16-11-16,2177.530029,2179.219971,2172.199951,2176.939941,-0.02709896
17-11-16,2178.610107,2188.060059,2176.649902,2187.120117,0.390616475
18-11-16,2186.850098,2189.889893,2180.379883,2181.899902,-0.226361926
21-11-16,2186.429932,2198.699951,2186.429932,2198.179932,0.537405742
22-11-16,2201.560059,2204.800049,2194.51001,2202.939941,0.062677463
23-11-16,2198.550049,2204.719971,2194.51001,2204.719971,0.280635958
25-11-16,2206.27002,2213.350098,2206.27002,2213.350098,0.320907139
28-11-16,2210.209961,2211.139893,2200.360107,2201.719971,-0.38412595
29-11-16,2200.76001,2210.459961,2198.149902,2204.659912,0.177207055
30-11-16,2204.969971,2214.100098,2198.810059,2198.810059,-0.279364893
01-12-16,2200.169922,2202.600098,2187.439941,2191.080078,-0.413142817
02-12-16,2191.120117,2197.949951,2188.370117,2191.949951,0.037872593
05-12-16,2200.649902,2209.419922,2199.969971,2204.709961,0.184493635
06-12-16,2207.26001,2212.780029,2202.209961,2212.22998,0.225164683
07-12-16,2210.719971,2241.629883,2208.929932,2241.350098,1.385527222
08-12-16,2241.129883,2251.689941,2237.570068,2246.189941,0.225781559
09-12-16,2249.72998,2259.800049,2249.22998,2259.530029,0.43561001
12-12-16,2258.830078,2264.030029,2252.370117,2256.959961,-0.082791398
13-12-16,2263.320068,2277.530029,2263.320068,2271.719971,0.37113191
14-12-16,2268.350098,2276.199951,2248.439941,2253.280029,-0.66436257
15-12-16,2253.77002,2272.120117,2253.77002,2262.030029,0.366497421
16-12-16,2266.810059,2268.050049,2254.23999,2258.070068,-0.385563447
19-12-16,2259.23999,2267.469971,2258.209961,2262.530029,0.145625919
20-12-16,2266.5,2272.560059,2266.139893,2270.76001,0.187955438
21-12-16,2270.540039,2271.22998,2265.149902,2265.179932,-0.2360719
22-12-16,2262.929932,2263.179932,2256.080078,2260.959961,-0.087053999
23-12-16,2260.25,2263.790039,2258.840088,2263.790039,0.156621568
27-12-16,2266.22998,2273.820068,2266.149902,2268.879883,0.116930013
28-12-16,2270.22998,2271.310059,2249.110107,2249.919922,-0.894625574
29-12-16,2249.5,2254.51001,2244.560059,2249.26001,-0.010668593
30-12-16,2251.610107,2253.580078,2233.620117,2238.830078,-0.567595116
03-01-17,2251.570068,2263.879883,2245.129883,2257.830078,0.278028656
04-01-17,2261.600098,2272.820068,2261.600098,2270.75,0.404576477
05-01-17,2268.179932,2271.5,2260.449951,2269,0.036155333
06-01-17,2271.139893,2282.100098,2264.060059,2276.97998,0.257143429
09-01-17,2273.590088,2275.48999,2268.899902,2268.899902,-0.206289868
10-01-17,2269.719971,2279.27002,2265.27002,2268.899902,-0.036130845
11-01-17,2268.600098,2275.320068,2260.830078,2275.320068,0.296216597
12-01-17,2271.139893,2271.780029,2254.25,2270.439941,-0.030819414
13-01-17,2272.73999,2278.679932,2271.51001,2274.639893,0.083595264
17-01-17,2269.139893,2272.080078,2262.810059,2267.889893,-0.055086952
18-01-17,2269.139893,2272.01001,2263.350098,2271.889893,0.121191294
19-01-17,2271.899902,2274.330078,2258.409912,2263.689941,-0.361369838
20-01-17,2269.959961,2276.959961,2265.01001,2271.310059,0.059476732
23-01-17,2267.780029,2271.780029,2257.02002,2265.199951,-0.113771087
24-01-17,2267.879883,2284.629883,2266.679932,2280.070068,0.537514579
25-01-17,2288.879883,2299.550049,2288.879883,2298.370117,0.414623505
26-01-17,2298.629883,2300.98999,2294.080078,2296.679932,-0.084831012
27-01-17,2299.02002,2299.02002,2291.620117,2294.689941,-0.188344554
30-01-17,2286.01001,2286.01001,2268.040039,2280.899902,-0.223538304
31-01-17,2274.02002,2279.090088,2267.209961,2278.870117,0.213282951
01-02-17,2285.590088,2289.139893,2272.439941,2279.550049,-0.264266066
02-02-17,2276.689941,2283.969971,2271.649902,2280.850098,0.182728308
03-02-17,2288.540039,2298.310059,2287.879883,2297.419922,0.388015191
06-02-17,2294.280029,2296.179932,2288.570068,2292.560059,-0.074967745
07-02-17,2295.870117,2299.399902,2290.159912,2293.080078,-0.121524253
08-02-17,2289.550049,2295.909912,2285.379883,2294.669922,0.223619178
09-02-17,2296.699951,2311.080078,2296.610107,2307.870117,0.486357219
10-02-17,2312.27002,2319.22998,2311.100098,2316.100098,0.165641468
13-02-17,2321.719971,2331.580078,2321.419922,2328.25,0.281258252
14-02-17,2326.120117,2337.580078,2322.169922,2337.580078,0.492664197
15-02-17,2335.580078,2351.300049,2334.810059,2349.25,0.58529023
16-02-17,2349.639893,2351.310059,2338.870117,2347.219971,-0.102991186
17-02-17,2343.01001,2351.159912,2339.580078,2351.159912,0.347838975
21-02-17,2354.909912,2366.709961,2354.909912,2365.379883,0.444601764
22-02-17,2361.110107,2365.129883,2358.340088,2362.820068,0.072421908
23-02-17,2367.5,2368.26001,2355.090088,2363.810059,-0.15585812
24-02-17,2355.72998,2367.340088,2352.870117,2367.340088,0.492845449
27-02-17,2365.22998,2371.540039,2361.870117,2369.75,0.19110277
28-02-17,2366.080078,2367.790039,2358.959961,2363.639893,-0.10313197
01-03-17,2380.129883,2400.97998,2380.129883,2395.959961,0.665093032
02-03-17,2394.75,2394.75,2380.169922,2381.919922,-0.535758555
03-03-17,2380.919922,2383.889893,2375.389893,2383.120117,0.09240945
06-03-17,2375.22998,2378.800049,2367.97998,2375.310059,0.003371421
07-03-17,2370.73999,2375.120117,2365.51001,2368.389893,-0.09912926
08-03-17,2369.810059,2373.090088,2361.01001,2362.97998,-0.288212086
09-03-17,2363.48999,2369.080078,2354.540039,2364.870117,0.058393605
10-03-17,2372.52002,2376.860107,2363.040039,2372.600098,0.00337523
13-03-17,2371.560059,2374.419922,2368.52002,2373.469971,0.080533992
14-03-17,2368.550049,2368.550049,2358.179932,2365.449951,-0.130885898
15-03-17,2370.340088,2390.01001,2368.939941,2385.26001,0.629442251
16-03-17,2387.709961,2388.100098,2377.179932,2381.379883,-0.265110843
17-03-17,2383.709961,2385.709961,2377.639893,2378.25,-0.229053076
20-03-17,2378.23999,2379.550049,2369.659912,2373.469971,-0.200569287
21-03-17,2379.320068,2381.929932,2341.899902,2344.02002,-1.483619143
22-03-17,2343,2351.810059,2336.449951,2348.449951,0.232605676
23-03-17,2345.969971,2358.919922,2342.129883,2345.959961,-0.000426689
24-03-17,2350.419922,2356.219971,2335.73999,2343.97998,-0.273991126
27-03-17,2329.110107,2344.899902,2322.25,2341.590088,0.535826149
28-03-17,2339.790039,2363.780029,2337.629883,2358.570068,0.80263736
29-03-17,2356.540039,2363.360107,2352.939941,2361.129883,0.194770465
30-03-17,2361.310059,2370.419922,2358.580078,2368.060059,0.285858266
31-03-17,2364.820068,2370.350098,2362.600098,2362.719971,-0.088805784
03-04-17,2362.340088,2365.870117,2344.72998,2358.840088,-0.148158177
04-04-17,2354.76001,2360.530029,2350.719971,2360.159912,0.229318571
05-04-17,2366.590088,2378.360107,2350.52002,2352.949951,-0.576362466
06-04-17,2353.790039,2364.159912,2348.899902,2357.48999,0.157191208
07-04-17,2356.590088,2363.76001,2350.73999,2355.540039,-0.044557983
10-04-17,2357.159912,2366.370117,2351.5,2357.159912,0
11-04-17,2353.919922,2355.219971,2337.25,2353.780029,-0.00594298
12-04-17,2352.149902,2352.719971,2341.179932,2344.929932,-0.30695195
13-04-17,2341.97998,2348.26001,2328.949951,2328.949951,-0.556368078
17-04-17,2332.620117,2349.139893,2332.51001,2349.01001,0.702638757
18-04-17,2342.530029,2348.350098,2334.540039,2342.189941,-0.014517978
19-04-17,2346.790039,2352.629883,2335.050049,2338.169922,-0.36731522
20-04-17,2342.689941,2361.370117,2340.909912,2355.840088,0.561326822
21-04-17,2354.73999,2356.179932,2344.51001,2348.689941,-0.25693066
24-04-17,2370.330078,2376.97998,2369.189941,2374.149902,0.161151564
25-04-17,2381.51001,2392.47998,2381.149902,2388.610107,0.29813425
26-04-17,2388.97998,2398.159912,2386.780029,2387.449951,-0.064045283
27-04-17,2389.699951,2392.100098,2382.679932,2388.77002,-0.038914132
28-04-17,2393.679932,2393.679932,2382.360107,2384.199951,-0.39604213
01-05-17,2388.5,2394.48999,2384.830078,2388.330078,-0.007114172
02-05-17,2391.050049,2392.929932,2385.820068,2391.169922,0.005013404
03-05-17,2386.5,2389.820068,2379.75,2388.129883,0.068295956
04-05-17,2389.790039,2391.429932,2380.350098,2389.52002,-0.011298859
05-05-17,2392.370117,2399.290039,2389.379883,2399.290039,0.289249642
08-05-17,2399.939941,2401.360107,2393.919922,2399.379883,-0.023336334
09-05-17,2401.580078,2403.870117,2392.439941,2396.919922,-0.194045414
10-05-17,2396.790039,2399.73999,2392.790039,2399.629883,0.118485306
11-05-17,2394.840088,2395.719971,2381.73999,2394.439941,-0.016708715
12-05-17,2392.439941,2392.439941,2387.189941,2390.899902,-0.064371062
15-05-17,2393.97998,2404.050049,2393.939941,2402.320068,0.348377517
16-05-17,2404.550049,2405.77002,2396.050049,2400.669922,-0.161366032
17-05-17,2382.949951,2384.870117,2356.209961,2357.030029,-1.087724146
18-05-17,2354.689941,2375.73999,2352.719971,2365.719971,0.468428128
19-05-17,2371.370117,2389.060059,2370.429932,2381.72998,0.436872461
22-05-17,2387.209961,2395.459961,2386.919922,2394.02002,0.285272729
23-05-17,2397.040039,2400.850098,2393.879883,2398.419922,0.057566122
24-05-17,2401.409912,2405.580078,2397.98999,2404.389893,0.124092975
25-05-17,2409.540039,2418.709961,2408.01001,2415.070068,0.229505587
26-05-17,2414.5,2416.679932,2412.199951,2415.820068,0.05467252
30-05-17,2411.669922,2415.26001,2409.429932,2412.909912,0.05141624
31-05-17,2415.629883,2415.98999,2403.590088,2411.800049,-0.158543907
01-06-17,2415.649902,2430.060059,2413.540039,2430.060059,0.596533338
02-06-17,2431.280029,2440.22998,2427.709961,2439.070068,0.320408958
05-06-17,2437.830078,2439.550049,2434.320068,2436.100098,-0.070963929
06-06-17,2431.919922,2436.209961,2428.120117,2429.330078,-0.106493803
07-06-17,2432.030029,2435.280029,2424.75,2433.139893,0.045635292
08-06-17,2434.27002,2439.27002,2427.939941,2433.790039,-0.019717656
09-06-17,2436.389893,2446.199951,2415.699951,2431.77002,-0.189619609
12-06-17,2425.879883,2430.379883,2419.969971,2429.389893,0.144690181
13-06-17,2434.149902,2441.48999,2431.280029,2440.350098,0.254717098
14-06-17,2443.75,2443.75,2428.340088,2437.919922,-0.238570967
15-06-17,2424.139893,2433.949951,2418.530029,2432.459961,0.343217321
16-06-17,2431.23999,2433.149902,2422.879883,2433.149902,0.078557115
19-06-17,2442.550049,2453.820068,2441.790039,2453.459961,0.446660735
20-06-17,2450.659912,2450.659912,2436.600098,2437.030029,-0.556171949
21-06-17,2439.310059,2442.22998,2430.73999,2435.610107,-0.151680267
22-06-17,2437.399902,2441.620117,2433.27002,2434.5,-0.118975224
23-06-17,2434.649902,2441.399902,2431.110107,2438.300049,0.149924923
26-06-17,2443.320068,2450.419922,2437.030029,2439.070068,-0.173943646
27-06-17,2436.340088,2440.149902,2419.379883,2419.379883,-0.696134546
28-06-17,2428.699951,2442.969971,2428.02002,2440.689941,0.493679345
29-06-17,2442.379883,2442.72998,2405.699951,2419.699951,-0.928599689
30-06-17,2429.199951,2432.709961,2421.649902,2423.409912,-0.238351684
03-07-17,2431.389893,2439.169922,2428.689941,2429.01001,-0.097881586
05-07-17,2430.780029,2434.899902,2422.050049,2432.540039,0.072405153
06-07-17,2423.439941,2424.280029,2407.699951,2409.75,-0.564897061
07-07-17,2413.52002,2426.919922,2413.52002,2425.179932,0.483108153
10-07-17,2424.51001,2432,2422.27002,2427.429932,0.120433489
11-07-17,2427.350098,2429.300049,2412.790039,2425.530029,-0.074981726
12-07-17,2435.75,2445.76001,2435.75,2443.25,0.307913374
13-07-17,2444.98999,2449.320068,2441.689941,2447.830078,0.116159494
14-07-17,2449.159912,2463.540039,2446.689941,2459.27002,0.412799015
17-07-17,2459.5,2462.820068,2457.159912,2459.139893,-0.014641472
18-07-17,2455.879883,2460.919922,2450.340088,2460.610107,0.192608117
19-07-17,2463.850098,2473.830078,2463.850098,2473.830078,0.405056298
20-07-17,2475.560059,2477.620117,2468.429932,2473.449951,-0.085237601
21-07-17,2467.399902,2472.540039,2465.060059,2472.540039,0.208322007
24-07-17,2472.040039,2473.100098,2466.320068,2469.909912,-0.08616879
25-07-17,2477.879883,2481.23999,2474.909912,2477.129883,-0.030267811
26-07-17,2479.969971,2481.689941,2474.939941,2477.830078,-0.086287053
27-07-17,2482.76001,2484.040039,2459.929932,2475.419922,-0.295642268
28-07-17,2469.120117,2473.530029,2464.659912,2472.100098,0.120689997
31-07-17,2475.939941,2477.959961,2468.530029,2470.300049,-0.227787916
01-08-17,2477.100098,2478.51001,2471.139893,2476.350098,-0.030277339
02-08-17,2480.379883,2480.379883,2466.47998,2477.570068,-0.11328164
03-08-17,2476.030029,2476.030029,2468.850098,2472.159912,-0.156303314
04-08-17,2476.879883,2480,2472.080078,2476.830078,-0.002010796
07-08-17,2477.139893,2480.949951,2475.879883,2480.909912,0.152192414
08-08-17,2478.350098,2490.870117,2470.320068,2474.919922,-0.138405627
09-08-17,2465.350098,2474.409912,2462.080078,2474.02002,0.351671027
10-08-17,2465.379883,2465.379883,2437.75,2438.209961,-1.102058234
11-08-17,2441.040039,2448.090088,2437.850098,2441.320068,0.011471709
14-08-17,2454.959961,2468.219971,2454.959961,2465.840088,0.443189591
15-08-17,2468.659912,2468.899902,2461.610107,2464.610107,-0.164048721
16-08-17,2468.629883,2474.929932,2463.860107,2468.110107,-0.021055242
17-08-17,2462.949951,2465.02002,2430.01001,2430.01001,-1.337418204
18-08-17,2427.639893,2440.27002,2420.689941,2425.550049,-0.08608542
21-08-17,2425.5,2430.580078,2417.350098,2428.370117,0.118330942
22-08-17,2433.75,2454.77002,2433.669922,2452.51001,0.770827324
23-08-17,2444.879883,2448.909912,2441.419922,2444.040039,-0.034351135
24-08-17,2447.909912,2450.389893,2436.189941,2438.969971,-0.365207108
25-08-17,2444.719971,2453.959961,2442.219971,2443.050049,-0.068307292
28-08-17,2447.350098,2449.120117,2439.030029,2444.23999,-0.127080633
29-08-17,2431.939941,2449.189941,2428.199951,2446.300049,0.590479549
30-08-17,2446.060059,2460.310059,2443.77002,2457.590088,0.471371459
31-08-17,2462.649902,2475.01001,2462.649902,2471.649902,0.365459987
01-09-17,2474.419922,2480.379883,2473.850098,2476.550049,0.086085914
05-09-17,2470.350098,2471.969971,2446.550049,2457.850098,-0.506001154
06-09-17,2463.830078,2469.639893,2459.199951,2465.540039,0.069402554
07-09-17,2468.060059,2468.620117,2460.290039,2465.100098,-0.119930671
08-09-17,2462.25,2467.110107,2459.399902,2461.429932,-0.033305635
11-09-17,2474.52002,2488.949951,2474.52002,2488.110107,0.549200932
12-09-17,2491.939941,2496.77002,2490.370117,2496.47998,0.182188941
13-09-17,2493.889893,2498.370117,2492.139893,2498.370117,0.179648027
14-09-17,2494.560059,2498.429932,2491.350098,2495.620117,0.042494788
15-09-17,2495.669922,2500.22998,2493.159912,2500.22998,0.182718795
18-09-17,2502.51001,2508.320068,2499.919922,2503.870117,0.054349713
19-09-17,2506.290039,2507.840088,2503.189941,2506.649902,0.014358394
20-09-17,2506.840088,2508.850098,2496.669922,2508.23999,0.055843291
21-09-17,2507.159912,2507.159912,2499,2500.600098,-0.261643223
22-09-17,2497.26001,2503.469971,2496.540039,2502.219971,0.198616122
25-09-17,2499.389893,2502.540039,2488.030029,2496.659912,-0.109225896
26-09-17,2501.040039,2503.51001,2495.120117,2496.840088,-0.167928179
27-09-17,2503.300049,2511.75,2495.909912,2507.040039,0.149402386
28-09-17,2503.409912,2510.810059,2502.929932,2510.060059,0.265643552
29-09-17,2509.959961,2519.439941,2507.98999,2519.360107,0.374513783
02-10-17,2521.199951,2529.22998,2520.399902,2529.120117,0.314142716
03-10-17,2530.340088,2535.129883,2528.850098,2534.580078,0.167566013
04-10-17,2533.47998,2540.530029,2531.800049,2537.73999,0.168148556
05-10-17,2540.860107,2552.51001,2540.02002,2552.070068,0.44118765
06-10-17,2547.439941,2549.409912,2543.790039,2549.330078,0.07419751
09-10-17,2551.389893,2551.820068,2541.600098,2544.72998,-0.261030782
10-10-17,2549.98999,2555.22998,2544.860107,2550.639893,0.025486492
11-10-17,2550.620117,2555.23999,2547.949951,2555.23999,0.181127443
12-10-17,2552.879883,2555.330078,2548.310059,2550.929932,-0.076382403
13-10-17,2555.659912,2557.649902,2552.090088,2553.169922,-0.097430413
16-10-17,2555.570068,2559.469971,2552.639893,2557.639893,0.080992692
17-10-17,2557.169922,2559.709961,2554.689941,2559.360107,0.085648786
18-10-17,2562.870117,2564.110107,2559.669922,2561.26001,-0.06282437
19-10-17,2553.389893,2562.360107,2547.919922,2562.100098,0.341123188
20-10-17,2567.560059,2575.439941,2567.560059,2575.209961,0.297944423
23-10-17,2578.080078,2578.290039,2564.330078,2564.97998,-0.508133867
24-10-17,2568.659912,2572.179932,2565.580078,2569.129883,0.01829635
25-10-17,2566.52002,2567.399902,2544,2557.149902,-0.365090392
26-10-17,2560.080078,2567.070068,2559.800049,2560.399902,0.012492734
27-10-17,2570.26001,2582.97998,2565.939941,2581.070068,0.420582274
30-10-17,2577.75,2580.030029,2568.25,2572.830078,-0.1908611
31-10-17,2575.98999,2578.290039,2572.149902,2575.26001,-0.028337843
01-11-17,2583.209961,2588.399902,2574.919922,2579.360107,-0.149033724
02-11-17,2579.459961,2581.110107,2566.169922,2579.850098,0.015124755
03-11-17,2581.929932,2588.419922,2576.77002,2587.840088,0.228904585
06-11-17,2587.469971,2593.379883,2585.659912,2591.129883,0.141447516
07-11-17,2592.110107,2597.02002,2584.350098,2590.639893,-0.05671881
08-11-17,2588.709961,2595.469971,2585.02002,2594.379883,0.219025
09-11-17,2584,2586.5,2566.330078,2584.620117,0.023998336
10-11-17,2580.179932,2583.810059,2575.570068,2582.300049,0.082169347
13-11-17,2576.530029,2587.659912,2574.47998,2584.840088,0.322529096
14-11-17,2577.75,2579.659912,2566.560059,2578.870117,0.043453283
15-11-17,2569.449951,2572.840088,2557.449951,2564.620117,-0.187971515
16-11-17,2572.949951,2590.090088,2572.949951,2585.639893,0.49320594
17-11-17,2582.939941,2583.959961,2577.620117,2578.850098,-0.158340615
20-11-17,2579.48999,2584.639893,2578.23999,2582.139893,0.102729726
21-11-17,2589.169922,2601.189941,2589.169922,2599.030029,0.380821163
22-11-17,2600.310059,2600.939941,2595.22998,2597.080078,-0.124215225
24-11-17,2600.419922,2604.209961,2600.419922,2602.419922,0.076910655
27-11-17,2602.659912,2606.409912,2598.870117,2601.419922,-0.047643182
28-11-17,2605.939941,2627.689941,2605.439941,2627.040039,0.809692413
29-11-17,2627.820068,2634.889893,2620.320068,2626.070068,-0.066595123
30-11-17,2633.929932,2657.73999,2633.929932,2647.580078,0.518242563
01-12-17,2645.100098,2650.620117,2605.52002,2642.219971,-0.108885369
04-12-17,2657.189941,2665.189941,2639.030029,2639.439941,-0.667998916
05-12-17,2639.780029,2648.719971,2627.72998,2629.570068,-0.386773174
06-12-17,2626.23999,2634.409912,2624.75,2629.27002,0.115375214
07-12-17,2628.379883,2640.98999,2626.530029,2636.97998,0.327201447
08-12-17,2646.209961,2651.649902,2644.100098,2651.5,0.199910025
11-12-17,2652.189941,2660.330078,2651.469971,2659.98999,0.294098431
12-12-17,2661.72998,2669.719971,2659.780029,2664.110107,0.089420303
13-12-17,2667.590088,2671.879883,2662.850098,2662.850098,-0.177688095
14-12-17,2665.870117,2668.090088,2652.01001,2652.01001,-0.519909313
15-12-17,2660.629883,2679.629883,2659.139893,2675.810059,0.570548204
18-12-17,2685.919922,2694.969971,2685.919922,2690.159912,0.157859881
19-12-17,2692.709961,2694.439941,2680.73999,2681.469971,-0.417422974
20-12-17,2688.179932,2691.01001,2676.110107,2679.25,-0.332192496
21-12-17,2683.02002,2692.639893,2682.399902,2684.570068,0.05777251
22-12-17,2684.219971,2685.350098,2678.129883,2683.340088,-0.03277984
26-12-17,2679.090088,2682.73999,2677.959961,2680.5,0.052626524
27-12-17,2682.100098,2685.639893,2678.909912,2682.620117,0.019388501
28-12-17,2686.100098,2687.659912,2682.689941,2687.540039,0.053607124
29-12-17,2689.149902,2692.120117,2673.610107,2673.610107,-0.577870166
02-01-18,2683.72998,2695.889893,2682.360107,2695.810059,0.450122743
03-01-18,2697.850098,2714.370117,2697.77002,2713.060059,0.563780805
04-01-18,2719.310059,2729.290039,2719.070068,2723.98999,0.172099941
05-01-18,2731.330078,2743.449951,2727.919922,2743.149902,0.432749747
08-01-18,2742.669922,2748.51001,2737.600098,2747.709961,0.183763965
09-01-18,2751.149902,2759.139893,2747.860107,2751.290039,0.005093761
10-01-18,2745.550049,2750.800049,2736.060059,2748.22998,0.097609985
11-01-18,2752.969971,2767.560059,2752.780029,2767.560059,0.529976286
12-01-18,2770.179932,2787.850098,2769.639893,2786.23999,0.579747828
16-01-18,2798.959961,2807.540039,2768.639893,2776.419922,-0.805300516
17-01-18,2784.98999,2807.040039,2778.379883,2802.560059,0.630884458
18-01-18,2802.399902,2805.830078,2792.560059,2798.030029,-0.155933241
19-01-18,2802.600098,2810.330078,2798.080078,2810.300049,0.274743122
22-01-18,2809.159912,2833.030029,2808.120117,2832.969971,0.847586458
23-01-18,2835.050049,2842.23999,2830.590088,2839.129883,0.143906948
24-01-18,2845.419922,2852.969971,2824.810059,2837.540039,-0.276932165
25-01-18,2846.23999,2848.560059,2830.939941,2839.25,-0.24558681
26-01-18,2847.47998,2872.870117,2846.179932,2872.870117,0.891670431
29-01-18,2867.22998,2870.620117,2851.47998,2853.530029,-0.477811375
30-01-18,2832.73999,2837.75,2818.27002,2822.429932,-0.363960619
31-01-18,2832.409912,2839.26001,2813.040039,2823.810059,-0.303623178
01-02-18,2816.449951,2835.959961,2812.699951,2821.97998,0.196347498
02-02-18,2808.919922,2808.919922,2759.969971,2762.129883,-1.665766213
05-02-18,2741.060059,2763.389893,2638.169922,2648.939941,-3.360747886
06-02-18,2614.780029,2701.040039,2593.070068,2695.139893,3.073293474
07-02-18,2690.949951,2727.669922,2681.330078,2681.659912,-0.345232694
08-02-18,2685.01001,2685.27002,2580.560059,2581,-3.873728947
09-02-18,2601.780029,2638.669922,2532.689941,2619.550049,0.682994711
